idBoT,ownerID,nDep,arrival,nTasks,nbInstructions,Memory,[ID_dep],,,,,
0,0,0,0,1,100000,50,,,,,,
1,0,0,0,1,100000,50,,,,,,
2,0,0,0,1,100000,50,,,,,,
3,0,0,0,1,100000,50,,,,,,
4,0,2,0,1,100000,50,0,1,,,,
5,0,2,0,1,100000,50,0,1,,,,
6,0,2,0,1,100000,50,1,2,,,,
7,0,2,0,1,100000,50,2,3,,,,
8,0,2,0,1,100000,50,1,3,,,,
9,0,1,0,1,100000,50,3,,,,,
10,0,6,0,1,100000,50,4,5,6,7,8,9
11,0,1,0,1,100000,50,10,,,,,
12,0,2,0,1,100000,50,0,11,,,,
13,0,2,0,1,100000,50,1,11,,,,
14,0,2,0,1,100000,50,11,2,,,,
15,0,2,0,1,100000,50,11,3,,,,
16,0,4,0,1,100000,50,12,13,14,15,,
17,0,1,0,1,100000,50,16,,,,,
18,0,1,0,1,100000,50,17,,,,,
19,0,1,0,1,100000,50,18,,,,,
20,1,0,300,1,100000,50,,,,,,
21,1,0,300,1,100000,50,,,,,,
22,1,0,300,1,100000,50,,,,,,
23,1,0,300,1,100000,50,,,,,,
24,1,2,300,1,100000,50,20,21,,,,
25,1,2,300,1,100000,50,20,21,,,,
26,1,2,300,1,100000,50,21,22,,,,
27,1,2,300,1,100000,50,22,23,,,,
28,1,2,300,1,100000,50,21,23,,,,
29,1,1,300,1,100000,50,23,,,,,
30,1,6,300,1,100000,50,24,25,26,27,28,29
31,1,1,300,1,100000,50,30,,,,,
32,1,2,300,1,100000,50,20,31,,,,
33,1,2,300,1,100000,50,21,31,,,,
34,1,2,300,1,100000,50,31,22,,,,
35,1,2,300,1,100000,50,31,23,,,,
36,1,4,300,1,100000,50,32,33,34,35,,
37,1,1,300,1,100000,50,36,,,,,
38,1,1,300,1,100000,50,37,,,,,
39,1,1,300,1,100000,50,38,,,,,
40,2,0,600,1,100000,50,,,,,,
41,2,0,600,1,100000,50,,,,,,
42,2,0,600,1,100000,50,,,,,,
43,2,0,600,1,100000,50,,,,,,
44,2,2,600,1,100000,50,40,41,,,,
45,2,2,600,1,100000,50,40,41,,,,
46,2,2,600,1,100000,50,41,42,,,,
47,2,2,600,1,100000,50,42,43,,,,
48,2,2,600,1,100000,50,41,43,,,,
49,2,1,600,1,100000,50,43,,,,,
50,2,6,600,1,100000,50,44,45,46,47,48,49
51,2,1,600,1,100000,50,50,,,,,
52,2,2,600,1,100000,50,40,51,,,,
53,2,2,600,1,100000,50,41,51,,,,
54,2,2,600,1,100000,50,51,42,,,,
55,2,2,600,1,100000,50,51,43,,,,
56,2,4,600,1,100000,50,52,53,54,55,,
57,2,1,600,1,100000,50,56,,,,,
58,2,1,600,1,100000,50,57,,,,,
59,2,1,600,1,100000,50,58,,,,,
60,3,0,900,1,100000,50,,,,,,
61,3,0,900,1,100000,50,,,,,,
62,3,0,900,1,100000,50,,,,,,
63,3,0,900,1,100000,50,,,,,,
64,3,2,900,1,100000,50,60,61,,,,
65,3,2,900,1,100000,50,60,61,,,,
66,3,2,900,1,100000,50,61,62,,,,
67,3,2,900,1,100000,50,62,63,,,,
68,3,2,900,1,100000,50,61,63,,,,
69,3,1,900,1,100000,50,63,,,,,
70,3,6,900,1,100000,50,64,65,66,67,68,69
71,3,1,900,1,100000,50,70,,,,,
72,3,2,900,1,100000,50,60,71,,,,
73,3,2,900,1,100000,50,61,71,,,,
74,3,2,900,1,100000,50,71,62,,,,
75,3,2,900,1,100000,50,71,63,,,,
76,3,4,900,1,100000,50,72,73,74,75,,
77,3,1,900,1,100000,50,76,,,,,
78,3,1,900,1,100000,50,77,,,,,
79,3,1,900,1,100000,50,78,,,,,
80,4,0,1200,1,100000,50,,,,,,
81,4,0,1200,1,100000,50,,,,,,
82,4,0,1200,1,100000,50,,,,,,
83,4,0,1200,1,100000,50,,,,,,
84,4,2,1200,1,100000,50,80,81,,,,
85,4,2,1200,1,100000,50,80,81,,,,
86,4,2,1200,1,100000,50,81,82,,,,
87,4,2,1200,1,100000,50,82,83,,,,
88,4,2,1200,1,100000,50,81,83,,,,
89,4,1,1200,1,100000,50,83,,,,,
90,4,6,1200,1,100000,50,84,85,86,87,88,89
91,4,1,1200,1,100000,50,90,,,,,
92,4,2,1200,1,100000,50,80,91,,,,
93,4,2,1200,1,100000,50,81,91,,,,
94,4,2,1200,1,100000,50,91,82,,,,
95,4,2,1200,1,100000,50,91,83,,,,
96,4,4,1200,1,100000,50,92,93,94,95,,
97,4,1,1200,1,100000,50,96,,,,,
98,4,1,1200,1,100000,50,97,,,,,
99,4,1,1200,1,100000,50,98,,,,,
100,5,0,1500,1,100000,50,,,,,,
101,5,0,1500,1,100000,50,,,,,,
102,5,0,1500,1,100000,50,,,,,,
103,5,0,1500,1,100000,50,,,,,,
104,5,2,1500,1,100000,50,100,101,,,,
105,5,2,1500,1,100000,50,100,101,,,,
106,5,2,1500,1,100000,50,101,102,,,,
107,5,2,1500,1,100000,50,102,103,,,,
108,5,2,1500,1,100000,50,101,103,,,,
109,5,1,1500,1,100000,50,103,,,,,
110,5,6,1500,1,100000,50,104,105,106,107,108,109
111,5,1,1500,1,100000,50,110,,,,,
112,5,2,1500,1,100000,50,100,111,,,,
113,5,2,1500,1,100000,50,101,111,,,,
114,5,2,1500,1,100000,50,111,102,,,,
115,5,2,1500,1,100000,50,111,103,,,,
116,5,4,1500,1,100000,50,112,113,114,115,,
117,5,1,1500,1,100000,50,116,,,,,
118,5,1,1500,1,100000,50,117,,,,,
119,5,1,1500,1,100000,50,118,,,,,
120,6,0,1800,1,100000,50,,,,,,
121,6,0,1800,1,100000,50,,,,,,
122,6,0,1800,1,100000,50,,,,,,
123,6,0,1800,1,100000,50,,,,,,
124,6,2,1800,1,100000,50,120,121,,,,
125,6,2,1800,1,100000,50,120,121,,,,
126,6,2,1800,1,100000,50,121,122,,,,
127,6,2,1800,1,100000,50,122,123,,,,
128,6,2,1800,1,100000,50,121,123,,,,
129,6,1,1800,1,100000,50,123,,,,,
130,6,6,1800,1,100000,50,124,125,126,127,128,129
131,6,1,1800,1,100000,50,130,,,,,
132,6,2,1800,1,100000,50,120,131,,,,
133,6,2,1800,1,100000,50,121,131,,,,
134,6,2,1800,1,100000,50,131,122,,,,
135,6,2,1800,1,100000,50,131,123,,,,
136,6,4,1800,1,100000,50,132,133,134,135,,
137,6,1,1800,1,100000,50,136,,,,,
138,6,1,1800,1,100000,50,137,,,,,
139,6,1,1800,1,100000,50,138,,,,,
140,7,0,2100,1,100000,50,,,,,,
141,7,0,2100,1,100000,50,,,,,,
142,7,0,2100,1,100000,50,,,,,,
143,7,0,2100,1,100000,50,,,,,,
144,7,2,2100,1,100000,50,140,141,,,,
145,7,2,2100,1,100000,50,140,141,,,,
146,7,2,2100,1,100000,50,141,142,,,,
147,7,2,2100,1,100000,50,142,143,,,,
148,7,2,2100,1,100000,50,141,143,,,,
149,7,1,2100,1,100000,50,143,,,,,
150,7,6,2100,1,100000,50,144,145,146,147,148,149
151,7,1,2100,1,100000,50,150,,,,,
152,7,2,2100,1,100000,50,140,151,,,,
153,7,2,2100,1,100000,50,141,151,,,,
154,7,2,2100,1,100000,50,151,142,,,,
155,7,2,2100,1,100000,50,151,143,,,,
156,7,4,2100,1,100000,50,152,153,154,155,,
157,7,1,2100,1,100000,50,156,,,,,
158,7,1,2100,1,100000,50,157,,,,,
159,7,1,2100,1,100000,50,158,,,,,
160,8,0,2400,1,100000,50,,,,,,
161,8,0,2400,1,100000,50,,,,,,
162,8,0,2400,1,100000,50,,,,,,
163,8,0,2400,1,100000,50,,,,,,
164,8,2,2400,1,100000,50,160,161,,,,
165,8,2,2400,1,100000,50,160,161,,,,
166,8,2,2400,1,100000,50,161,162,,,,
167,8,2,2400,1,100000,50,162,163,,,,
168,8,2,2400,1,100000,50,161,163,,,,
169,8,1,2400,1,100000,50,163,,,,,
170,8,6,2400,1,100000,50,164,165,166,167,168,169
171,8,1,2400,1,100000,50,170,,,,,
172,8,2,2400,1,100000,50,160,171,,,,
173,8,2,2400,1,100000,50,161,171,,,,
174,8,2,2400,1,100000,50,171,162,,,,
175,8,2,2400,1,100000,50,171,163,,,,
176,8,4,2400,1,100000,50,172,173,174,175,,
177,8,1,2400,1,100000,50,176,,,,,
178,8,1,2400,1,100000,50,177,,,,,
179,8,1,2400,1,100000,50,178,,,,,
180,9,0,2700,1,100000,50,,,,,,
181,9,0,2700,1,100000,50,,,,,,
182,9,0,2700,1,100000,50,,,,,,
183,9,0,2700,1,100000,50,,,,,,
184,9,2,2700,1,100000,50,180,181,,,,
185,9,2,2700,1,100000,50,180,181,,,,
186,9,2,2700,1,100000,50,181,182,,,,
187,9,2,2700,1,100000,50,182,183,,,,
188,9,2,2700,1,100000,50,181,183,,,,
189,9,1,2700,1,100000,50,183,,,,,
190,9,6,2700,1,100000,50,184,185,186,187,188,189
191,9,1,2700,1,100000,50,190,,,,,
192,9,2,2700,1,100000,50,180,191,,,,
193,9,2,2700,1,100000,50,181,191,,,,
194,9,2,2700,1,100000,50,191,182,,,,
195,9,2,2700,1,100000,50,191,183,,,,
196,9,4,2700,1,100000,50,192,193,194,195,,
197,9,1,2700,1,100000,50,196,,,,,
198,9,1,2700,1,100000,50,197,,,,,
199,9,1,2700,1,100000,50,198,,,,,
200,10,0,3000,1,100000,50,,,,,,
201,10,0,3000,1,100000,50,,,,,,
202,10,0,3000,1,100000,50,,,,,,
203,10,0,3000,1,100000,50,,,,,,
204,10,2,3000,1,100000,50,200,201,,,,
205,10,2,3000,1,100000,50,200,201,,,,
206,10,2,3000,1,100000,50,201,202,,,,
207,10,2,3000,1,100000,50,202,203,,,,
208,10,2,3000,1,100000,50,201,203,,,,
209,10,1,3000,1,100000,50,203,,,,,
210,10,6,3000,1,100000,50,204,205,206,207,208,209
211,10,1,3000,1,100000,50,210,,,,,
212,10,2,3000,1,100000,50,200,211,,,,
213,10,2,3000,1,100000,50,201,211,,,,
214,10,2,3000,1,100000,50,211,202,,,,
215,10,2,3000,1,100000,50,211,203,,,,
216,10,4,3000,1,100000,50,212,213,214,215,,
217,10,1,3000,1,100000,50,216,,,,,
218,10,1,3000,1,100000,50,217,,,,,
219,10,1,3000,1,100000,50,218,,,,,
220,11,0,3300,1,100000,50,,,,,,
221,11,0,3300,1,100000,50,,,,,,
222,11,0,3300,1,100000,50,,,,,,
223,11,0,3300,1,100000,50,,,,,,
224,11,2,3300,1,100000,50,220,221,,,,
225,11,2,3300,1,100000,50,220,221,,,,
226,11,2,3300,1,100000,50,221,222,,,,
227,11,2,3300,1,100000,50,222,223,,,,
228,11,2,3300,1,100000,50,221,223,,,,
229,11,1,3300,1,100000,50,223,,,,,
230,11,6,3300,1,100000,50,224,225,226,227,228,229
231,11,1,3300,1,100000,50,230,,,,,
232,11,2,3300,1,100000,50,220,231,,,,
233,11,2,3300,1,100000,50,221,231,,,,
234,11,2,3300,1,100000,50,231,222,,,,
235,11,2,3300,1,100000,50,231,223,,,,
236,11,4,3300,1,100000,50,232,233,234,235,,
237,11,1,3300,1,100000,50,236,,,,,
238,11,1,3300,1,100000,50,237,,,,,
239,11,1,3300,1,100000,50,238,,,,,
240,12,0,3600,1,100000,50,,,,,,
241,12,0,3600,1,100000,50,,,,,,
242,12,0,3600,1,100000,50,,,,,,
243,12,0,3600,1,100000,50,,,,,,
244,12,2,3600,1,100000,50,240,241,,,,
245,12,2,3600,1,100000,50,240,241,,,,
246,12,2,3600,1,100000,50,241,242,,,,
247,12,2,3600,1,100000,50,242,243,,,,
248,12,2,3600,1,100000,50,241,243,,,,
249,12,1,3600,1,100000,50,243,,,,,
250,12,6,3600,1,100000,50,244,245,246,247,248,249
251,12,1,3600,1,100000,50,250,,,,,
252,12,2,3600,1,100000,50,240,251,,,,
253,12,2,3600,1,100000,50,241,251,,,,
254,12,2,3600,1,100000,50,251,242,,,,
255,12,2,3600,1,100000,50,251,243,,,,
256,12,4,3600,1,100000,50,252,253,254,255,,
257,12,1,3600,1,100000,50,256,,,,,
258,12,1,3600,1,100000,50,257,,,,,
259,12,1,3600,1,100000,50,258,,,,,
260,13,0,3900,1,100000,50,,,,,,
261,13,0,3900,1,100000,50,,,,,,
262,13,0,3900,1,100000,50,,,,,,
263,13,0,3900,1,100000,50,,,,,,
264,13,2,3900,1,100000,50,260,261,,,,
265,13,2,3900,1,100000,50,260,261,,,,
266,13,2,3900,1,100000,50,261,262,,,,
267,13,2,3900,1,100000,50,262,263,,,,
268,13,2,3900,1,100000,50,261,263,,,,
269,13,1,3900,1,100000,50,263,,,,,
270,13,6,3900,1,100000,50,264,265,266,267,268,269
271,13,1,3900,1,100000,50,270,,,,,
272,13,2,3900,1,100000,50,260,271,,,,
273,13,2,3900,1,100000,50,261,271,,,,
274,13,2,3900,1,100000,50,271,262,,,,
275,13,2,3900,1,100000,50,271,263,,,,
276,13,4,3900,1,100000,50,272,273,274,275,,
277,13,1,3900,1,100000,50,276,,,,,
278,13,1,3900,1,100000,50,277,,,,,
279,13,1,3900,1,100000,50,278,,,,,
280,14,0,4200,1,100000,50,,,,,,
281,14,0,4200,1,100000,50,,,,,,
282,14,0,4200,1,100000,50,,,,,,
283,14,0,4200,1,100000,50,,,,,,
284,14,2,4200,1,100000,50,280,281,,,,
285,14,2,4200,1,100000,50,280,281,,,,
286,14,2,4200,1,100000,50,281,282,,,,
287,14,2,4200,1,100000,50,282,283,,,,
288,14,2,4200,1,100000,50,281,283,,,,
289,14,1,4200,1,100000,50,283,,,,,
290,14,6,4200,1,100000,50,284,285,286,287,288,289
291,14,1,4200,1,100000,50,290,,,,,
292,14,2,4200,1,100000,50,280,291,,,,
293,14,2,4200,1,100000,50,281,291,,,,
294,14,2,4200,1,100000,50,291,282,,,,
295,14,2,4200,1,100000,50,291,283,,,,
296,14,4,4200,1,100000,50,292,293,294,295,,
297,14,1,4200,1,100000,50,296,,,,,
298,14,1,4200,1,100000,50,297,,,,,
299,14,1,4200,1,100000,50,298,,,,,
300,15,0,4500,1,100000,50,,,,,,
301,15,0,4500,1,100000,50,,,,,,
302,15,0,4500,1,100000,50,,,,,,
303,15,0,4500,1,100000,50,,,,,,
304,15,2,4500,1,100000,50,300,301,,,,
305,15,2,4500,1,100000,50,300,301,,,,
306,15,2,4500,1,100000,50,301,302,,,,
307,15,2,4500,1,100000,50,302,303,,,,
308,15,2,4500,1,100000,50,301,303,,,,
309,15,1,4500,1,100000,50,303,,,,,
310,15,6,4500,1,100000,50,304,305,306,307,308,309
311,15,1,4500,1,100000,50,310,,,,,
312,15,2,4500,1,100000,50,300,311,,,,
313,15,2,4500,1,100000,50,301,311,,,,
314,15,2,4500,1,100000,50,311,302,,,,
315,15,2,4500,1,100000,50,311,303,,,,
316,15,4,4500,1,100000,50,312,313,314,315,,
317,15,1,4500,1,100000,50,316,,,,,
318,15,1,4500,1,100000,50,317,,,,,
319,15,1,4500,1,100000,50,318,,,,,
320,16,0,4800,1,100000,50,,,,,,
321,16,0,4800,1,100000,50,,,,,,
322,16,0,4800,1,100000,50,,,,,,
323,16,0,4800,1,100000,50,,,,,,
324,16,2,4800,1,100000,50,320,321,,,,
325,16,2,4800,1,100000,50,320,321,,,,
326,16,2,4800,1,100000,50,321,322,,,,
327,16,2,4800,1,100000,50,322,323,,,,
328,16,2,4800,1,100000,50,321,323,,,,
329,16,1,4800,1,100000,50,323,,,,,
330,16,6,4800,1,100000,50,324,325,326,327,328,329
331,16,1,4800,1,100000,50,330,,,,,
332,16,2,4800,1,100000,50,320,331,,,,
333,16,2,4800,1,100000,50,321,331,,,,
334,16,2,4800,1,100000,50,331,322,,,,
335,16,2,4800,1,100000,50,331,323,,,,
336,16,4,4800,1,100000,50,332,333,334,335,,
337,16,1,4800,1,100000,50,336,,,,,
338,16,1,4800,1,100000,50,337,,,,,
339,16,1,4800,1,100000,50,338,,,,,
340,17,0,5100,1,100000,50,,,,,,
341,17,0,5100,1,100000,50,,,,,,
342,17,0,5100,1,100000,50,,,,,,
343,17,0,5100,1,100000,50,,,,,,
344,17,2,5100,1,100000,50,340,341,,,,
345,17,2,5100,1,100000,50,340,341,,,,
346,17,2,5100,1,100000,50,341,342,,,,
347,17,2,5100,1,100000,50,342,343,,,,
348,17,2,5100,1,100000,50,341,343,,,,
349,17,1,5100,1,100000,50,343,,,,,
350,17,6,5100,1,100000,50,344,345,346,347,348,349
351,17,1,5100,1,100000,50,350,,,,,
352,17,2,5100,1,100000,50,340,351,,,,
353,17,2,5100,1,100000,50,341,351,,,,
354,17,2,5100,1,100000,50,351,342,,,,
355,17,2,5100,1,100000,50,351,343,,,,
356,17,4,5100,1,100000,50,352,353,354,355,,
357,17,1,5100,1,100000,50,356,,,,,
358,17,1,5100,1,100000,50,357,,,,,
359,17,1,5100,1,100000,50,358,,,,,
360,18,0,5400,1,100000,50,,,,,,
361,18,0,5400,1,100000,50,,,,,,
362,18,0,5400,1,100000,50,,,,,,
363,18,0,5400,1,100000,50,,,,,,
364,18,2,5400,1,100000,50,360,361,,,,
365,18,2,5400,1,100000,50,360,361,,,,
366,18,2,5400,1,100000,50,361,362,,,,
367,18,2,5400,1,100000,50,362,363,,,,
368,18,2,5400,1,100000,50,361,363,,,,
369,18,1,5400,1,100000,50,363,,,,,
370,18,6,5400,1,100000,50,364,365,366,367,368,369
371,18,1,5400,1,100000,50,370,,,,,
372,18,2,5400,1,100000,50,360,371,,,,
373,18,2,5400,1,100000,50,361,371,,,,
374,18,2,5400,1,100000,50,371,362,,,,
375,18,2,5400,1,100000,50,371,363,,,,
376,18,4,5400,1,100000,50,372,373,374,375,,
377,18,1,5400,1,100000,50,376,,,,,
378,18,1,5400,1,100000,50,377,,,,,
379,18,1,5400,1,100000,50,378,,,,,
380,19,0,5700,1,100000,50,,,,,,
381,19,0,5700,1,100000,50,,,,,,
382,19,0,5700,1,100000,50,,,,,,
383,19,0,5700,1,100000,50,,,,,,
384,19,2,5700,1,100000,50,380,381,,,,
385,19,2,5700,1,100000,50,380,381,,,,
386,19,2,5700,1,100000,50,381,382,,,,
387,19,2,5700,1,100000,50,382,383,,,,
388,19,2,5700,1,100000,50,381,383,,,,
389,19,1,5700,1,100000,50,383,,,,,
390,19,6,5700,1,100000,50,384,385,386,387,388,389
391,19,1,5700,1,100000,50,390,,,,,
392,19,2,5700,1,100000,50,380,391,,,,
393,19,2,5700,1,100000,50,381,391,,,,
394,19,2,5700,1,100000,50,391,382,,,,
395,19,2,5700,1,100000,50,391,383,,,,
396,19,4,5700,1,100000,50,392,393,394,395,,
397,19,1,5700,1,100000,50,396,,,,,
398,19,1,5700,1,100000,50,397,,,,,
399,19,1,5700,1,100000,50,398,,,,,
400,20,0,6000,1,100000,50,,,,,,
401,20,0,6000,1,100000,50,,,,,,
402,20,0,6000,1,100000,50,,,,,,
403,20,0,6000,1,100000,50,,,,,,
404,20,2,6000,1,100000,50,400,401,,,,
405,20,2,6000,1,100000,50,400,401,,,,
406,20,2,6000,1,100000,50,401,402,,,,
407,20,2,6000,1,100000,50,402,403,,,,
408,20,2,6000,1,100000,50,401,403,,,,
409,20,1,6000,1,100000,50,403,,,,,
410,20,6,6000,1,100000,50,404,405,406,407,408,409
411,20,1,6000,1,100000,50,410,,,,,
412,20,2,6000,1,100000,50,400,411,,,,
413,20,2,6000,1,100000,50,401,411,,,,
414,20,2,6000,1,100000,50,411,402,,,,
415,20,2,6000,1,100000,50,411,403,,,,
416,20,4,6000,1,100000,50,412,413,414,415,,
417,20,1,6000,1,100000,50,416,,,,,
418,20,1,6000,1,100000,50,417,,,,,
419,20,1,6000,1,100000,50,418,,,,,
420,21,0,6300,1,100000,50,,,,,,
421,21,0,6300,1,100000,50,,,,,,
422,21,0,6300,1,100000,50,,,,,,
423,21,0,6300,1,100000,50,,,,,,
424,21,2,6300,1,100000,50,420,421,,,,
425,21,2,6300,1,100000,50,420,421,,,,
426,21,2,6300,1,100000,50,421,422,,,,
427,21,2,6300,1,100000,50,422,423,,,,
428,21,2,6300,1,100000,50,421,423,,,,
429,21,1,6300,1,100000,50,423,,,,,
430,21,6,6300,1,100000,50,424,425,426,427,428,429
431,21,1,6300,1,100000,50,430,,,,,
432,21,2,6300,1,100000,50,420,431,,,,
433,21,2,6300,1,100000,50,421,431,,,,
434,21,2,6300,1,100000,50,431,422,,,,
435,21,2,6300,1,100000,50,431,423,,,,
436,21,4,6300,1,100000,50,432,433,434,435,,
437,21,1,6300,1,100000,50,436,,,,,
438,21,1,6300,1,100000,50,437,,,,,
439,21,1,6300,1,100000,50,438,,,,,
440,22,0,6600,1,100000,50,,,,,,
441,22,0,6600,1,100000,50,,,,,,
442,22,0,6600,1,100000,50,,,,,,
443,22,0,6600,1,100000,50,,,,,,
444,22,2,6600,1,100000,50,440,441,,,,
445,22,2,6600,1,100000,50,440,441,,,,
446,22,2,6600,1,100000,50,441,442,,,,
447,22,2,6600,1,100000,50,442,443,,,,
448,22,2,6600,1,100000,50,441,443,,,,
449,22,1,6600,1,100000,50,443,,,,,
450,22,6,6600,1,100000,50,444,445,446,447,448,449
451,22,1,6600,1,100000,50,450,,,,,
452,22,2,6600,1,100000,50,440,451,,,,
453,22,2,6600,1,100000,50,441,451,,,,
454,22,2,6600,1,100000,50,451,442,,,,
455,22,2,6600,1,100000,50,451,443,,,,
456,22,4,6600,1,100000,50,452,453,454,455,,
457,22,1,6600,1,100000,50,456,,,,,
458,22,1,6600,1,100000,50,457,,,,,
459,22,1,6600,1,100000,50,458,,,,,
460,23,0,6900,1,100000,50,,,,,,
461,23,0,6900,1,100000,50,,,,,,
462,23,0,6900,1,100000,50,,,,,,
463,23,0,6900,1,100000,50,,,,,,
464,23,2,6900,1,100000,50,460,461,,,,
465,23,2,6900,1,100000,50,460,461,,,,
466,23,2,6900,1,100000,50,461,462,,,,
467,23,2,6900,1,100000,50,462,463,,,,
468,23,2,6900,1,100000,50,461,463,,,,
469,23,1,6900,1,100000,50,463,,,,,
470,23,6,6900,1,100000,50,464,465,466,467,468,469
471,23,1,6900,1,100000,50,470,,,,,
472,23,2,6900,1,100000,50,460,471,,,,
473,23,2,6900,1,100000,50,461,471,,,,
474,23,2,6900,1,100000,50,471,462,,,,
475,23,2,6900,1,100000,50,471,463,,,,
476,23,4,6900,1,100000,50,472,473,474,475,,
477,23,1,6900,1,100000,50,476,,,,,
478,23,1,6900,1,100000,50,477,,,,,
479,23,1,6900,1,100000,50,478,,,,,
480,24,0,7200,1,100000,50,,,,,,
481,24,0,7200,1,100000,50,,,,,,
482,24,0,7200,1,100000,50,,,,,,
483,24,0,7200,1,100000,50,,,,,,
484,24,2,7200,1,100000,50,480,481,,,,
485,24,2,7200,1,100000,50,480,481,,,,
486,24,2,7200,1,100000,50,481,482,,,,
487,24,2,7200,1,100000,50,482,483,,,,
488,24,2,7200,1,100000,50,481,483,,,,
489,24,1,7200,1,100000,50,483,,,,,
490,24,6,7200,1,100000,50,484,485,486,487,488,489
491,24,1,7200,1,100000,50,490,,,,,
492,24,2,7200,1,100000,50,480,491,,,,
493,24,2,7200,1,100000,50,481,491,,,,
494,24,2,7200,1,100000,50,491,482,,,,
495,24,2,7200,1,100000,50,491,483,,,,
496,24,4,7200,1,100000,50,492,493,494,495,,
497,24,1,7200,1,100000,50,496,,,,,
498,24,1,7200,1,100000,50,497,,,,,
499,24,1,7200,1,100000,50,498,,,,,
500,25,0,7500,1,100000,50,,,,,,
501,25,0,7500,1,100000,50,,,,,,
502,25,0,7500,1,100000,50,,,,,,
503,25,0,7500,1,100000,50,,,,,,
504,25,2,7500,1,100000,50,500,501,,,,
505,25,2,7500,1,100000,50,500,501,,,,
506,25,2,7500,1,100000,50,501,502,,,,
507,25,2,7500,1,100000,50,502,503,,,,
508,25,2,7500,1,100000,50,501,503,,,,
509,25,1,7500,1,100000,50,503,,,,,
510,25,6,7500,1,100000,50,504,505,506,507,508,509
511,25,1,7500,1,100000,50,510,,,,,
512,25,2,7500,1,100000,50,500,511,,,,
513,25,2,7500,1,100000,50,501,511,,,,
514,25,2,7500,1,100000,50,511,502,,,,
515,25,2,7500,1,100000,50,511,503,,,,
516,25,4,7500,1,100000,50,512,513,514,515,,
517,25,1,7500,1,100000,50,516,,,,,
518,25,1,7500,1,100000,50,517,,,,,
519,25,1,7500,1,100000,50,518,,,,,
520,26,0,7800,1,100000,50,,,,,,
521,26,0,7800,1,100000,50,,,,,,
522,26,0,7800,1,100000,50,,,,,,
523,26,0,7800,1,100000,50,,,,,,
524,26,2,7800,1,100000,50,520,521,,,,
525,26,2,7800,1,100000,50,520,521,,,,
526,26,2,7800,1,100000,50,521,522,,,,
527,26,2,7800,1,100000,50,522,523,,,,
528,26,2,7800,1,100000,50,521,523,,,,
529,26,1,7800,1,100000,50,523,,,,,
530,26,6,7800,1,100000,50,524,525,526,527,528,529
531,26,1,7800,1,100000,50,530,,,,,
532,26,2,7800,1,100000,50,520,531,,,,
533,26,2,7800,1,100000,50,521,531,,,,
534,26,2,7800,1,100000,50,531,522,,,,
535,26,2,7800,1,100000,50,531,523,,,,
536,26,4,7800,1,100000,50,532,533,534,535,,
537,26,1,7800,1,100000,50,536,,,,,
538,26,1,7800,1,100000,50,537,,,,,
539,26,1,7800,1,100000,50,538,,,,,
540,27,0,8100,1,100000,50,,,,,,
541,27,0,8100,1,100000,50,,,,,,
542,27,0,8100,1,100000,50,,,,,,
543,27,0,8100,1,100000,50,,,,,,
544,27,2,8100,1,100000,50,540,541,,,,
545,27,2,8100,1,100000,50,540,541,,,,
546,27,2,8100,1,100000,50,541,542,,,,
547,27,2,8100,1,100000,50,542,543,,,,
548,27,2,8100,1,100000,50,541,543,,,,
549,27,1,8100,1,100000,50,543,,,,,
550,27,6,8100,1,100000,50,544,545,546,547,548,549
551,27,1,8100,1,100000,50,550,,,,,
552,27,2,8100,1,100000,50,540,551,,,,
553,27,2,8100,1,100000,50,541,551,,,,
554,27,2,8100,1,100000,50,551,542,,,,
555,27,2,8100,1,100000,50,551,543,,,,
556,27,4,8100,1,100000,50,552,553,554,555,,
557,27,1,8100,1,100000,50,556,,,,,
558,27,1,8100,1,100000,50,557,,,,,
559,27,1,8100,1,100000,50,558,,,,,
560,28,0,8400,1,100000,50,,,,,,
561,28,0,8400,1,100000,50,,,,,,
562,28,0,8400,1,100000,50,,,,,,
563,28,0,8400,1,100000,50,,,,,,
564,28,2,8400,1,100000,50,560,561,,,,
565,28,2,8400,1,100000,50,560,561,,,,
566,28,2,8400,1,100000,50,561,562,,,,
567,28,2,8400,1,100000,50,562,563,,,,
568,28,2,8400,1,100000,50,561,563,,,,
569,28,1,8400,1,100000,50,563,,,,,
570,28,6,8400,1,100000,50,564,565,566,567,568,569
571,28,1,8400,1,100000,50,570,,,,,
572,28,2,8400,1,100000,50,560,571,,,,
573,28,2,8400,1,100000,50,561,571,,,,
574,28,2,8400,1,100000,50,571,562,,,,
575,28,2,8400,1,100000,50,571,563,,,,
576,28,4,8400,1,100000,50,572,573,574,575,,
577,28,1,8400,1,100000,50,576,,,,,
578,28,1,8400,1,100000,50,577,,,,,
579,28,1,8400,1,100000,50,578,,,,,
580,29,0,8700,1,100000,50,,,,,,
581,29,0,8700,1,100000,50,,,,,,
582,29,0,8700,1,100000,50,,,,,,
583,29,0,8700,1,100000,50,,,,,,
584,29,2,8700,1,100000,50,580,581,,,,
585,29,2,8700,1,100000,50,580,581,,,,
586,29,2,8700,1,100000,50,581,582,,,,
587,29,2,8700,1,100000,50,582,583,,,,
588,29,2,8700,1,100000,50,581,583,,,,
589,29,1,8700,1,100000,50,583,,,,,
590,29,6,8700,1,100000,50,584,585,586,587,588,589
591,29,1,8700,1,100000,50,590,,,,,
592,29,2,8700,1,100000,50,580,591,,,,
593,29,2,8700,1,100000,50,581,591,,,,
594,29,2,8700,1,100000,50,591,582,,,,
595,29,2,8700,1,100000,50,591,583,,,,
596,29,4,8700,1,100000,50,592,593,594,595,,
597,29,1,8700,1,100000,50,596,,,,,
598,29,1,8700,1,100000,50,597,,,,,
599,29,1,8700,1,100000,50,598,,,,,
600,30,0,9000,1,100000,50,,,,,,
601,30,0,9000,1,100000,50,,,,,,
602,30,0,9000,1,100000,50,,,,,,
603,30,0,9000,1,100000,50,,,,,,
604,30,2,9000,1,100000,50,600,601,,,,
605,30,2,9000,1,100000,50,600,601,,,,
606,30,2,9000,1,100000,50,601,602,,,,
607,30,2,9000,1,100000,50,602,603,,,,
608,30,2,9000,1,100000,50,601,603,,,,
609,30,1,9000,1,100000,50,603,,,,,
610,30,6,9000,1,100000,50,604,605,606,607,608,609
611,30,1,9000,1,100000,50,610,,,,,
612,30,2,9000,1,100000,50,600,611,,,,
613,30,2,9000,1,100000,50,601,611,,,,
614,30,2,9000,1,100000,50,611,602,,,,
615,30,2,9000,1,100000,50,611,603,,,,
616,30,4,9000,1,100000,50,612,613,614,615,,
617,30,1,9000,1,100000,50,616,,,,,
618,30,1,9000,1,100000,50,617,,,,,
619,30,1,9000,1,100000,50,618,,,,,
620,31,0,9300,1,100000,50,,,,,,
621,31,0,9300,1,100000,50,,,,,,
622,31,0,9300,1,100000,50,,,,,,
623,31,0,9300,1,100000,50,,,,,,
624,31,2,9300,1,100000,50,620,621,,,,
625,31,2,9300,1,100000,50,620,621,,,,
626,31,2,9300,1,100000,50,621,622,,,,
627,31,2,9300,1,100000,50,622,623,,,,
628,31,2,9300,1,100000,50,621,623,,,,
629,31,1,9300,1,100000,50,623,,,,,
630,31,6,9300,1,100000,50,624,625,626,627,628,629
631,31,1,9300,1,100000,50,630,,,,,
632,31,2,9300,1,100000,50,620,631,,,,
633,31,2,9300,1,100000,50,621,631,,,,
634,31,2,9300,1,100000,50,631,622,,,,
635,31,2,9300,1,100000,50,631,623,,,,
636,31,4,9300,1,100000,50,632,633,634,635,,
637,31,1,9300,1,100000,50,636,,,,,
638,31,1,9300,1,100000,50,637,,,,,
639,31,1,9300,1,100000,50,638,,,,,
640,32,0,9600,1,100000,50,,,,,,
641,32,0,9600,1,100000,50,,,,,,
642,32,0,9600,1,100000,50,,,,,,
643,32,0,9600,1,100000,50,,,,,,
644,32,2,9600,1,100000,50,640,641,,,,
645,32,2,9600,1,100000,50,640,641,,,,
646,32,2,9600,1,100000,50,641,642,,,,
647,32,2,9600,1,100000,50,642,643,,,,
648,32,2,9600,1,100000,50,641,643,,,,
649,32,1,9600,1,100000,50,643,,,,,
650,32,6,9600,1,100000,50,644,645,646,647,648,649
651,32,1,9600,1,100000,50,650,,,,,
652,32,2,9600,1,100000,50,640,651,,,,
653,32,2,9600,1,100000,50,641,651,,,,
654,32,2,9600,1,100000,50,651,642,,,,
655,32,2,9600,1,100000,50,651,643,,,,
656,32,4,9600,1,100000,50,652,653,654,655,,
657,32,1,9600,1,100000,50,656,,,,,
658,32,1,9600,1,100000,50,657,,,,,
659,32,1,9600,1,100000,50,658,,,,,
660,33,0,9900,1,100000,50,,,,,,
661,33,0,9900,1,100000,50,,,,,,
662,33,0,9900,1,100000,50,,,,,,
663,33,0,9900,1,100000,50,,,,,,
664,33,2,9900,1,100000,50,660,661,,,,
665,33,2,9900,1,100000,50,660,661,,,,
666,33,2,9900,1,100000,50,661,662,,,,
667,33,2,9900,1,100000,50,662,663,,,,
668,33,2,9900,1,100000,50,661,663,,,,
669,33,1,9900,1,100000,50,663,,,,,
670,33,6,9900,1,100000,50,664,665,666,667,668,669
671,33,1,9900,1,100000,50,670,,,,,
672,33,2,9900,1,100000,50,660,671,,,,
673,33,2,9900,1,100000,50,661,671,,,,
674,33,2,9900,1,100000,50,671,662,,,,
675,33,2,9900,1,100000,50,671,663,,,,
676,33,4,9900,1,100000,50,672,673,674,675,,
677,33,1,9900,1,100000,50,676,,,,,
678,33,1,9900,1,100000,50,677,,,,,
679,33,1,9900,1,100000,50,678,,,,,
680,34,0,10200,1,100000,50,,,,,,
681,34,0,10200,1,100000,50,,,,,,
682,34,0,10200,1,100000,50,,,,,,
683,34,0,10200,1,100000,50,,,,,,
684,34,2,10200,1,100000,50,680,681,,,,
685,34,2,10200,1,100000,50,680,681,,,,
686,34,2,10200,1,100000,50,681,682,,,,
687,34,2,10200,1,100000,50,682,683,,,,
688,34,2,10200,1,100000,50,681,683,,,,
689,34,1,10200,1,100000,50,683,,,,,
690,34,6,10200,1,100000,50,684,685,686,687,688,689
691,34,1,10200,1,100000,50,690,,,,,
692,34,2,10200,1,100000,50,680,691,,,,
693,34,2,10200,1,100000,50,681,691,,,,
694,34,2,10200,1,100000,50,691,682,,,,
695,34,2,10200,1,100000,50,691,683,,,,
696,34,4,10200,1,100000,50,692,693,694,695,,
697,34,1,10200,1,100000,50,696,,,,,
698,34,1,10200,1,100000,50,697,,,,,
699,34,1,10200,1,100000,50,698,,,,,
700,35,0,10500,1,100000,50,,,,,,
701,35,0,10500,1,100000,50,,,,,,
702,35,0,10500,1,100000,50,,,,,,
703,35,0,10500,1,100000,50,,,,,,
704,35,2,10500,1,100000,50,700,701,,,,
705,35,2,10500,1,100000,50,700,701,,,,
706,35,2,10500,1,100000,50,701,702,,,,
707,35,2,10500,1,100000,50,702,703,,,,
708,35,2,10500,1,100000,50,701,703,,,,
709,35,1,10500,1,100000,50,703,,,,,
710,35,6,10500,1,100000,50,704,705,706,707,708,709
711,35,1,10500,1,100000,50,710,,,,,
712,35,2,10500,1,100000,50,700,711,,,,
713,35,2,10500,1,100000,50,701,711,,,,
714,35,2,10500,1,100000,50,711,702,,,,
715,35,2,10500,1,100000,50,711,703,,,,
716,35,4,10500,1,100000,50,712,713,714,715,,
717,35,1,10500,1,100000,50,716,,,,,
718,35,1,10500,1,100000,50,717,,,,,
719,35,1,10500,1,100000,50,718,,,,,
720,36,0,10800,1,100000,50,,,,,,
721,36,0,10800,1,100000,50,,,,,,
722,36,0,10800,1,100000,50,,,,,,
723,36,0,10800,1,100000,50,,,,,,
724,36,2,10800,1,100000,50,720,721,,,,
725,36,2,10800,1,100000,50,720,721,,,,
726,36,2,10800,1,100000,50,721,722,,,,
727,36,2,10800,1,100000,50,722,723,,,,
728,36,2,10800,1,100000,50,721,723,,,,
729,36,1,10800,1,100000,50,723,,,,,
730,36,6,10800,1,100000,50,724,725,726,727,728,729
731,36,1,10800,1,100000,50,730,,,,,
732,36,2,10800,1,100000,50,720,731,,,,
733,36,2,10800,1,100000,50,721,731,,,,
734,36,2,10800,1,100000,50,731,722,,,,
735,36,2,10800,1,100000,50,731,723,,,,
736,36,4,10800,1,100000,50,732,733,734,735,,
737,36,1,10800,1,100000,50,736,,,,,
738,36,1,10800,1,100000,50,737,,,,,
739,36,1,10800,1,100000,50,738,,,,,
740,37,0,11100,1,100000,50,,,,,,
741,37,0,11100,1,100000,50,,,,,,
742,37,0,11100,1,100000,50,,,,,,
743,37,0,11100,1,100000,50,,,,,,
744,37,2,11100,1,100000,50,740,741,,,,
745,37,2,11100,1,100000,50,740,741,,,,
746,37,2,11100,1,100000,50,741,742,,,,
747,37,2,11100,1,100000,50,742,743,,,,
748,37,2,11100,1,100000,50,741,743,,,,
749,37,1,11100,1,100000,50,743,,,,,
750,37,6,11100,1,100000,50,744,745,746,747,748,749
751,37,1,11100,1,100000,50,750,,,,,
752,37,2,11100,1,100000,50,740,751,,,,
753,37,2,11100,1,100000,50,741,751,,,,
754,37,2,11100,1,100000,50,751,742,,,,
755,37,2,11100,1,100000,50,751,743,,,,
756,37,4,11100,1,100000,50,752,753,754,755,,
757,37,1,11100,1,100000,50,756,,,,,
758,37,1,11100,1,100000,50,757,,,,,
759,37,1,11100,1,100000,50,758,,,,,
760,38,0,11400,1,100000,50,,,,,,
761,38,0,11400,1,100000,50,,,,,,
762,38,0,11400,1,100000,50,,,,,,
763,38,0,11400,1,100000,50,,,,,,
764,38,2,11400,1,100000,50,760,761,,,,
765,38,2,11400,1,100000,50,760,761,,,,
766,38,2,11400,1,100000,50,761,762,,,,
767,38,2,11400,1,100000,50,762,763,,,,
768,38,2,11400,1,100000,50,761,763,,,,
769,38,1,11400,1,100000,50,763,,,,,
770,38,6,11400,1,100000,50,764,765,766,767,768,769
771,38,1,11400,1,100000,50,770,,,,,
772,38,2,11400,1,100000,50,760,771,,,,
773,38,2,11400,1,100000,50,761,771,,,,
774,38,2,11400,1,100000,50,771,762,,,,
775,38,2,11400,1,100000,50,771,763,,,,
776,38,4,11400,1,100000,50,772,773,774,775,,
777,38,1,11400,1,100000,50,776,,,,,
778,38,1,11400,1,100000,50,777,,,,,
779,38,1,11400,1,100000,50,778,,,,,
780,39,0,11700,1,100000,50,,,,,,
781,39,0,11700,1,100000,50,,,,,,
782,39,0,11700,1,100000,50,,,,,,
783,39,0,11700,1,100000,50,,,,,,
784,39,2,11700,1,100000,50,780,781,,,,
785,39,2,11700,1,100000,50,780,781,,,,
786,39,2,11700,1,100000,50,781,782,,,,
787,39,2,11700,1,100000,50,782,783,,,,
788,39,2,11700,1,100000,50,781,783,,,,
789,39,1,11700,1,100000,50,783,,,,,
790,39,6,11700,1,100000,50,784,785,786,787,788,789
791,39,1,11700,1,100000,50,790,,,,,
792,39,2,11700,1,100000,50,780,791,,,,
793,39,2,11700,1,100000,50,781,791,,,,
794,39,2,11700,1,100000,50,791,782,,,,
795,39,2,11700,1,100000,50,791,783,,,,
796,39,4,11700,1,100000,50,792,793,794,795,,
797,39,1,11700,1,100000,50,796,,,,,
798,39,1,11700,1,100000,50,797,,,,,
799,39,1,11700,1,100000,50,798,,,,,
800,40,0,12000,1,100000,50,,,,,,
801,40,0,12000,1,100000,50,,,,,,
802,40,0,12000,1,100000,50,,,,,,
803,40,0,12000,1,100000,50,,,,,,
804,40,2,12000,1,100000,50,800,801,,,,
805,40,2,12000,1,100000,50,800,801,,,,
806,40,2,12000,1,100000,50,801,802,,,,
807,40,2,12000,1,100000,50,802,803,,,,
808,40,2,12000,1,100000,50,801,803,,,,
809,40,1,12000,1,100000,50,803,,,,,
810,40,6,12000,1,100000,50,804,805,806,807,808,809
811,40,1,12000,1,100000,50,810,,,,,
812,40,2,12000,1,100000,50,800,811,,,,
813,40,2,12000,1,100000,50,801,811,,,,
814,40,2,12000,1,100000,50,811,802,,,,
815,40,2,12000,1,100000,50,811,803,,,,
816,40,4,12000,1,100000,50,812,813,814,815,,
817,40,1,12000,1,100000,50,816,,,,,
818,40,1,12000,1,100000,50,817,,,,,
819,40,1,12000,1,100000,50,818,,,,,
820,41,0,12300,1,100000,50,,,,,,
821,41,0,12300,1,100000,50,,,,,,
822,41,0,12300,1,100000,50,,,,,,
823,41,0,12300,1,100000,50,,,,,,
824,41,2,12300,1,100000,50,820,821,,,,
825,41,2,12300,1,100000,50,820,821,,,,
826,41,2,12300,1,100000,50,821,822,,,,
827,41,2,12300,1,100000,50,822,823,,,,
828,41,2,12300,1,100000,50,821,823,,,,
829,41,1,12300,1,100000,50,823,,,,,
830,41,6,12300,1,100000,50,824,825,826,827,828,829
831,41,1,12300,1,100000,50,830,,,,,
832,41,2,12300,1,100000,50,820,831,,,,
833,41,2,12300,1,100000,50,821,831,,,,
834,41,2,12300,1,100000,50,831,822,,,,
835,41,2,12300,1,100000,50,831,823,,,,
836,41,4,12300,1,100000,50,832,833,834,835,,
837,41,1,12300,1,100000,50,836,,,,,
838,41,1,12300,1,100000,50,837,,,,,
839,41,1,12300,1,100000,50,838,,,,,
840,42,0,12600,1,100000,50,,,,,,
841,42,0,12600,1,100000,50,,,,,,
842,42,0,12600,1,100000,50,,,,,,
843,42,0,12600,1,100000,50,,,,,,
844,42,2,12600,1,100000,50,840,841,,,,
845,42,2,12600,1,100000,50,840,841,,,,
846,42,2,12600,1,100000,50,841,842,,,,
847,42,2,12600,1,100000,50,842,843,,,,
848,42,2,12600,1,100000,50,841,843,,,,
849,42,1,12600,1,100000,50,843,,,,,
850,42,6,12600,1,100000,50,844,845,846,847,848,849
851,42,1,12600,1,100000,50,850,,,,,
852,42,2,12600,1,100000,50,840,851,,,,
853,42,2,12600,1,100000,50,841,851,,,,
854,42,2,12600,1,100000,50,851,842,,,,
855,42,2,12600,1,100000,50,851,843,,,,
856,42,4,12600,1,100000,50,852,853,854,855,,
857,42,1,12600,1,100000,50,856,,,,,
858,42,1,12600,1,100000,50,857,,,,,
859,42,1,12600,1,100000,50,858,,,,,
860,43,0,12900,1,100000,50,,,,,,
861,43,0,12900,1,100000,50,,,,,,
862,43,0,12900,1,100000,50,,,,,,
863,43,0,12900,1,100000,50,,,,,,
864,43,2,12900,1,100000,50,860,861,,,,
865,43,2,12900,1,100000,50,860,861,,,,
866,43,2,12900,1,100000,50,861,862,,,,
867,43,2,12900,1,100000,50,862,863,,,,
868,43,2,12900,1,100000,50,861,863,,,,
869,43,1,12900,1,100000,50,863,,,,,
870,43,6,12900,1,100000,50,864,865,866,867,868,869
871,43,1,12900,1,100000,50,870,,,,,
872,43,2,12900,1,100000,50,860,871,,,,
873,43,2,12900,1,100000,50,861,871,,,,
874,43,2,12900,1,100000,50,871,862,,,,
875,43,2,12900,1,100000,50,871,863,,,,
876,43,4,12900,1,100000,50,872,873,874,875,,
877,43,1,12900,1,100000,50,876,,,,,
878,43,1,12900,1,100000,50,877,,,,,
879,43,1,12900,1,100000,50,878,,,,,
880,44,0,13200,1,100000,50,,,,,,
881,44,0,13200,1,100000,50,,,,,,
882,44,0,13200,1,100000,50,,,,,,
883,44,0,13200,1,100000,50,,,,,,
884,44,2,13200,1,100000,50,880,881,,,,
885,44,2,13200,1,100000,50,880,881,,,,
886,44,2,13200,1,100000,50,881,882,,,,
887,44,2,13200,1,100000,50,882,883,,,,
888,44,2,13200,1,100000,50,881,883,,,,
889,44,1,13200,1,100000,50,883,,,,,
890,44,6,13200,1,100000,50,884,885,886,887,888,889
891,44,1,13200,1,100000,50,890,,,,,
892,44,2,13200,1,100000,50,880,891,,,,
893,44,2,13200,1,100000,50,881,891,,,,
894,44,2,13200,1,100000,50,891,882,,,,
895,44,2,13200,1,100000,50,891,883,,,,
896,44,4,13200,1,100000,50,892,893,894,895,,
897,44,1,13200,1,100000,50,896,,,,,
898,44,1,13200,1,100000,50,897,,,,,
899,44,1,13200,1,100000,50,898,,,,,
900,45,0,13500,1,100000,50,,,,,,
901,45,0,13500,1,100000,50,,,,,,
902,45,0,13500,1,100000,50,,,,,,
903,45,0,13500,1,100000,50,,,,,,
904,45,2,13500,1,100000,50,900,901,,,,
905,45,2,13500,1,100000,50,900,901,,,,
906,45,2,13500,1,100000,50,901,902,,,,
907,45,2,13500,1,100000,50,902,903,,,,
908,45,2,13500,1,100000,50,901,903,,,,
909,45,1,13500,1,100000,50,903,,,,,
910,45,6,13500,1,100000,50,904,905,906,907,908,909
911,45,1,13500,1,100000,50,910,,,,,
912,45,2,13500,1,100000,50,900,911,,,,
913,45,2,13500,1,100000,50,901,911,,,,
914,45,2,13500,1,100000,50,911,902,,,,
915,45,2,13500,1,100000,50,911,903,,,,
916,45,4,13500,1,100000,50,912,913,914,915,,
917,45,1,13500,1,100000,50,916,,,,,
918,45,1,13500,1,100000,50,917,,,,,
919,45,1,13500,1,100000,50,918,,,,,
920,46,0,13800,1,100000,50,,,,,,
921,46,0,13800,1,100000,50,,,,,,
922,46,0,13800,1,100000,50,,,,,,
923,46,0,13800,1,100000,50,,,,,,
924,46,2,13800,1,100000,50,920,921,,,,
925,46,2,13800,1,100000,50,920,921,,,,
926,46,2,13800,1,100000,50,921,922,,,,
927,46,2,13800,1,100000,50,922,923,,,,
928,46,2,13800,1,100000,50,921,923,,,,
929,46,1,13800,1,100000,50,923,,,,,
930,46,6,13800,1,100000,50,924,925,926,927,928,929
931,46,1,13800,1,100000,50,930,,,,,
932,46,2,13800,1,100000,50,920,931,,,,
933,46,2,13800,1,100000,50,921,931,,,,
934,46,2,13800,1,100000,50,931,922,,,,
935,46,2,13800,1,100000,50,931,923,,,,
936,46,4,13800,1,100000,50,932,933,934,935,,
937,46,1,13800,1,100000,50,936,,,,,
938,46,1,13800,1,100000,50,937,,,,,
939,46,1,13800,1,100000,50,938,,,,,
940,47,0,14100,1,100000,50,,,,,,
941,47,0,14100,1,100000,50,,,,,,
942,47,0,14100,1,100000,50,,,,,,
943,47,0,14100,1,100000,50,,,,,,
944,47,2,14100,1,100000,50,940,941,,,,
945,47,2,14100,1,100000,50,940,941,,,,
946,47,2,14100,1,100000,50,941,942,,,,
947,47,2,14100,1,100000,50,942,943,,,,
948,47,2,14100,1,100000,50,941,943,,,,
949,47,1,14100,1,100000,50,943,,,,,
950,47,6,14100,1,100000,50,944,945,946,947,948,949
951,47,1,14100,1,100000,50,950,,,,,
952,47,2,14100,1,100000,50,940,951,,,,
953,47,2,14100,1,100000,50,941,951,,,,
954,47,2,14100,1,100000,50,951,942,,,,
955,47,2,14100,1,100000,50,951,943,,,,
956,47,4,14100,1,100000,50,952,953,954,955,,
957,47,1,14100,1,100000,50,956,,,,,
958,47,1,14100,1,100000,50,957,,,,,
959,47,1,14100,1,100000,50,958,,,,,
960,48,0,14400,1,100000,50,,,,,,
961,48,0,14400,1,100000,50,,,,,,
962,48,0,14400,1,100000,50,,,,,,
963,48,0,14400,1,100000,50,,,,,,
964,48,2,14400,1,100000,50,960,961,,,,
965,48,2,14400,1,100000,50,960,961,,,,
966,48,2,14400,1,100000,50,961,962,,,,
967,48,2,14400,1,100000,50,962,963,,,,
968,48,2,14400,1,100000,50,961,963,,,,
969,48,1,14400,1,100000,50,963,,,,,
970,48,6,14400,1,100000,50,964,965,966,967,968,969
971,48,1,14400,1,100000,50,970,,,,,
972,48,2,14400,1,100000,50,960,971,,,,
973,48,2,14400,1,100000,50,961,971,,,,
974,48,2,14400,1,100000,50,971,962,,,,
975,48,2,14400,1,100000,50,971,963,,,,
976,48,4,14400,1,100000,50,972,973,974,975,,
977,48,1,14400,1,100000,50,976,,,,,
978,48,1,14400,1,100000,50,977,,,,,
979,48,1,14400,1,100000,50,978,,,,,
980,49,0,14700,1,100000,50,,,,,,
981,49,0,14700,1,100000,50,,,,,,
982,49,0,14700,1,100000,50,,,,,,
983,49,0,14700,1,100000,50,,,,,,
984,49,2,14700,1,100000,50,980,981,,,,
985,49,2,14700,1,100000,50,980,981,,,,
986,49,2,14700,1,100000,50,981,982,,,,
987,49,2,14700,1,100000,50,982,983,,,,
988,49,2,14700,1,100000,50,981,983,,,,
989,49,1,14700,1,100000,50,983,,,,,
990,49,6,14700,1,100000,50,984,985,986,987,988,989
991,49,1,14700,1,100000,50,990,,,,,
992,49,2,14700,1,100000,50,980,991,,,,
993,49,2,14700,1,100000,50,981,991,,,,
994,49,2,14700,1,100000,50,991,982,,,,
995,49,2,14700,1,100000,50,991,983,,,,
996,49,4,14700,1,100000,50,992,993,994,995,,
997,49,1,14700,1,100000,50,996,,,,,
998,49,1,14700,1,100000,50,997,,,,,
999,49,1,14700,1,100000,50,998,,,,,
1000,50,0,15000,1,100000,50,,,,,,
1001,50,0,15000,1,100000,50,,,,,,
1002,50,0,15000,1,100000,50,,,,,,
1003,50,0,15000,1,100000,50,,,,,,
1004,50,2,15000,1,100000,50,1000,1001,,,,
1005,50,2,15000,1,100000,50,1000,1001,,,,
1006,50,2,15000,1,100000,50,1001,1002,,,,
1007,50,2,15000,1,100000,50,1002,1003,,,,
1008,50,2,15000,1,100000,50,1001,1003,,,,
1009,50,1,15000,1,100000,50,1003,,,,,
1010,50,6,15000,1,100000,50,1004,1005,1006,1007,1008,1009
1011,50,1,15000,1,100000,50,1010,,,,,
1012,50,2,15000,1,100000,50,1000,1011,,,,
1013,50,2,15000,1,100000,50,1001,1011,,,,
1014,50,2,15000,1,100000,50,1011,1002,,,,
1015,50,2,15000,1,100000,50,1011,1003,,,,
1016,50,4,15000,1,100000,50,1012,1013,1014,1015,,
1017,50,1,15000,1,100000,50,1016,,,,,
1018,50,1,15000,1,100000,50,1017,,,,,
1019,50,1,15000,1,100000,50,1018,,,,,
1020,51,0,15300,1,100000,50,,,,,,
1021,51,0,15300,1,100000,50,,,,,,
1022,51,0,15300,1,100000,50,,,,,,
1023,51,0,15300,1,100000,50,,,,,,
1024,51,2,15300,1,100000,50,1020,1021,,,,
1025,51,2,15300,1,100000,50,1020,1021,,,,
1026,51,2,15300,1,100000,50,1021,1022,,,,
1027,51,2,15300,1,100000,50,1022,1023,,,,
1028,51,2,15300,1,100000,50,1021,1023,,,,
1029,51,1,15300,1,100000,50,1023,,,,,
1030,51,6,15300,1,100000,50,1024,1025,1026,1027,1028,1029
1031,51,1,15300,1,100000,50,1030,,,,,
1032,51,2,15300,1,100000,50,1020,1031,,,,
1033,51,2,15300,1,100000,50,1021,1031,,,,
1034,51,2,15300,1,100000,50,1031,1022,,,,
1035,51,2,15300,1,100000,50,1031,1023,,,,
1036,51,4,15300,1,100000,50,1032,1033,1034,1035,,
1037,51,1,15300,1,100000,50,1036,,,,,
1038,51,1,15300,1,100000,50,1037,,,,,
1039,51,1,15300,1,100000,50,1038,,,,,
1040,52,0,15600,1,100000,50,,,,,,
1041,52,0,15600,1,100000,50,,,,,,
1042,52,0,15600,1,100000,50,,,,,,
1043,52,0,15600,1,100000,50,,,,,,
1044,52,2,15600,1,100000,50,1040,1041,,,,
1045,52,2,15600,1,100000,50,1040,1041,,,,
1046,52,2,15600,1,100000,50,1041,1042,,,,
1047,52,2,15600,1,100000,50,1042,1043,,,,
1048,52,2,15600,1,100000,50,1041,1043,,,,
1049,52,1,15600,1,100000,50,1043,,,,,
1050,52,6,15600,1,100000,50,1044,1045,1046,1047,1048,1049
1051,52,1,15600,1,100000,50,1050,,,,,
1052,52,2,15600,1,100000,50,1040,1051,,,,
1053,52,2,15600,1,100000,50,1041,1051,,,,
1054,52,2,15600,1,100000,50,1051,1042,,,,
1055,52,2,15600,1,100000,50,1051,1043,,,,
1056,52,4,15600,1,100000,50,1052,1053,1054,1055,,
1057,52,1,15600,1,100000,50,1056,,,,,
1058,52,1,15600,1,100000,50,1057,,,,,
1059,52,1,15600,1,100000,50,1058,,,,,
1060,53,0,15900,1,100000,50,,,,,,
1061,53,0,15900,1,100000,50,,,,,,
1062,53,0,15900,1,100000,50,,,,,,
1063,53,0,15900,1,100000,50,,,,,,
1064,53,2,15900,1,100000,50,1060,1061,,,,
1065,53,2,15900,1,100000,50,1060,1061,,,,
1066,53,2,15900,1,100000,50,1061,1062,,,,
1067,53,2,15900,1,100000,50,1062,1063,,,,
1068,53,2,15900,1,100000,50,1061,1063,,,,
1069,53,1,15900,1,100000,50,1063,,,,,
1070,53,6,15900,1,100000,50,1064,1065,1066,1067,1068,1069
1071,53,1,15900,1,100000,50,1070,,,,,
1072,53,2,15900,1,100000,50,1060,1071,,,,
1073,53,2,15900,1,100000,50,1061,1071,,,,
1074,53,2,15900,1,100000,50,1071,1062,,,,
1075,53,2,15900,1,100000,50,1071,1063,,,,
1076,53,4,15900,1,100000,50,1072,1073,1074,1075,,
1077,53,1,15900,1,100000,50,1076,,,,,
1078,53,1,15900,1,100000,50,1077,,,,,
1079,53,1,15900,1,100000,50,1078,,,,,
1080,54,0,16200,1,100000,50,,,,,,
1081,54,0,16200,1,100000,50,,,,,,
1082,54,0,16200,1,100000,50,,,,,,
1083,54,0,16200,1,100000,50,,,,,,
1084,54,2,16200,1,100000,50,1080,1081,,,,
1085,54,2,16200,1,100000,50,1080,1081,,,,
1086,54,2,16200,1,100000,50,1081,1082,,,,
1087,54,2,16200,1,100000,50,1082,1083,,,,
1088,54,2,16200,1,100000,50,1081,1083,,,,
1089,54,1,16200,1,100000,50,1083,,,,,
1090,54,6,16200,1,100000,50,1084,1085,1086,1087,1088,1089
1091,54,1,16200,1,100000,50,1090,,,,,
1092,54,2,16200,1,100000,50,1080,1091,,,,
1093,54,2,16200,1,100000,50,1081,1091,,,,
1094,54,2,16200,1,100000,50,1091,1082,,,,
1095,54,2,16200,1,100000,50,1091,1083,,,,
1096,54,4,16200,1,100000,50,1092,1093,1094,1095,,
1097,54,1,16200,1,100000,50,1096,,,,,
1098,54,1,16200,1,100000,50,1097,,,,,
1099,54,1,16200,1,100000,50,1098,,,,,
1100,55,0,16500,1,100000,50,,,,,,
1101,55,0,16500,1,100000,50,,,,,,
1102,55,0,16500,1,100000,50,,,,,,
1103,55,0,16500,1,100000,50,,,,,,
1104,55,2,16500,1,100000,50,1100,1101,,,,
1105,55,2,16500,1,100000,50,1100,1101,,,,
1106,55,2,16500,1,100000,50,1101,1102,,,,
1107,55,2,16500,1,100000,50,1102,1103,,,,
1108,55,2,16500,1,100000,50,1101,1103,,,,
1109,55,1,16500,1,100000,50,1103,,,,,
1110,55,6,16500,1,100000,50,1104,1105,1106,1107,1108,1109
1111,55,1,16500,1,100000,50,1110,,,,,
1112,55,2,16500,1,100000,50,1100,1111,,,,
1113,55,2,16500,1,100000,50,1101,1111,,,,
1114,55,2,16500,1,100000,50,1111,1102,,,,
1115,55,2,16500,1,100000,50,1111,1103,,,,
1116,55,4,16500,1,100000,50,1112,1113,1114,1115,,
1117,55,1,16500,1,100000,50,1116,,,,,
1118,55,1,16500,1,100000,50,1117,,,,,
1119,55,1,16500,1,100000,50,1118,,,,,
1120,56,0,16800,1,100000,50,,,,,,
1121,56,0,16800,1,100000,50,,,,,,
1122,56,0,16800,1,100000,50,,,,,,
1123,56,0,16800,1,100000,50,,,,,,
1124,56,2,16800,1,100000,50,1120,1121,,,,
1125,56,2,16800,1,100000,50,1120,1121,,,,
1126,56,2,16800,1,100000,50,1121,1122,,,,
1127,56,2,16800,1,100000,50,1122,1123,,,,
1128,56,2,16800,1,100000,50,1121,1123,,,,
1129,56,1,16800,1,100000,50,1123,,,,,
1130,56,6,16800,1,100000,50,1124,1125,1126,1127,1128,1129
1131,56,1,16800,1,100000,50,1130,,,,,
1132,56,2,16800,1,100000,50,1120,1131,,,,
1133,56,2,16800,1,100000,50,1121,1131,,,,
1134,56,2,16800,1,100000,50,1131,1122,,,,
1135,56,2,16800,1,100000,50,1131,1123,,,,
1136,56,4,16800,1,100000,50,1132,1133,1134,1135,,
1137,56,1,16800,1,100000,50,1136,,,,,
1138,56,1,16800,1,100000,50,1137,,,,,
1139,56,1,16800,1,100000,50,1138,,,,,
1140,57,0,17100,1,100000,50,,,,,,
1141,57,0,17100,1,100000,50,,,,,,
1142,57,0,17100,1,100000,50,,,,,,
1143,57,0,17100,1,100000,50,,,,,,
1144,57,2,17100,1,100000,50,1140,1141,,,,
1145,57,2,17100,1,100000,50,1140,1141,,,,
1146,57,2,17100,1,100000,50,1141,1142,,,,
1147,57,2,17100,1,100000,50,1142,1143,,,,
1148,57,2,17100,1,100000,50,1141,1143,,,,
1149,57,1,17100,1,100000,50,1143,,,,,
1150,57,6,17100,1,100000,50,1144,1145,1146,1147,1148,1149
1151,57,1,17100,1,100000,50,1150,,,,,
1152,57,2,17100,1,100000,50,1140,1151,,,,
1153,57,2,17100,1,100000,50,1141,1151,,,,
1154,57,2,17100,1,100000,50,1151,1142,,,,
1155,57,2,17100,1,100000,50,1151,1143,,,,
1156,57,4,17100,1,100000,50,1152,1153,1154,1155,,
1157,57,1,17100,1,100000,50,1156,,,,,
1158,57,1,17100,1,100000,50,1157,,,,,
1159,57,1,17100,1,100000,50,1158,,,,,
1160,58,0,17400,1,100000,50,,,,,,
1161,58,0,17400,1,100000,50,,,,,,
1162,58,0,17400,1,100000,50,,,,,,
1163,58,0,17400,1,100000,50,,,,,,
1164,58,2,17400,1,100000,50,1160,1161,,,,
1165,58,2,17400,1,100000,50,1160,1161,,,,
1166,58,2,17400,1,100000,50,1161,1162,,,,
1167,58,2,17400,1,100000,50,1162,1163,,,,
1168,58,2,17400,1,100000,50,1161,1163,,,,
1169,58,1,17400,1,100000,50,1163,,,,,
1170,58,6,17400,1,100000,50,1164,1165,1166,1167,1168,1169
1171,58,1,17400,1,100000,50,1170,,,,,
1172,58,2,17400,1,100000,50,1160,1171,,,,
1173,58,2,17400,1,100000,50,1161,1171,,,,
1174,58,2,17400,1,100000,50,1171,1162,,,,
1175,58,2,17400,1,100000,50,1171,1163,,,,
1176,58,4,17400,1,100000,50,1172,1173,1174,1175,,
1177,58,1,17400,1,100000,50,1176,,,,,
1178,58,1,17400,1,100000,50,1177,,,,,
1179,58,1,17400,1,100000,50,1178,,,,,
1180,59,0,17700,1,100000,50,,,,,,
1181,59,0,17700,1,100000,50,,,,,,
1182,59,0,17700,1,100000,50,,,,,,
1183,59,0,17700,1,100000,50,,,,,,
1184,59,2,17700,1,100000,50,1180,1181,,,,
1185,59,2,17700,1,100000,50,1180,1181,,,,
1186,59,2,17700,1,100000,50,1181,1182,,,,
1187,59,2,17700,1,100000,50,1182,1183,,,,
1188,59,2,17700,1,100000,50,1181,1183,,,,
1189,59,1,17700,1,100000,50,1183,,,,,
1190,59,6,17700,1,100000,50,1184,1185,1186,1187,1188,1189
1191,59,1,17700,1,100000,50,1190,,,,,
1192,59,2,17700,1,100000,50,1180,1191,,,,
1193,59,2,17700,1,100000,50,1181,1191,,,,
1194,59,2,17700,1,100000,50,1191,1182,,,,
1195,59,2,17700,1,100000,50,1191,1183,,,,
1196,59,4,17700,1,100000,50,1192,1193,1194,1195,,
1197,59,1,17700,1,100000,50,1196,,,,,
1198,59,1,17700,1,100000,50,1197,,,,,
1199,59,1,17700,1,100000,50,1198,,,,,
1200,60,0,18000,1,100000,50,,,,,,
1201,60,0,18000,1,100000,50,,,,,,
1202,60,0,18000,1,100000,50,,,,,,
1203,60,0,18000,1,100000,50,,,,,,
1204,60,2,18000,1,100000,50,1200,1201,,,,
1205,60,2,18000,1,100000,50,1200,1201,,,,
1206,60,2,18000,1,100000,50,1201,1202,,,,
1207,60,2,18000,1,100000,50,1202,1203,,,,
1208,60,2,18000,1,100000,50,1201,1203,,,,
1209,60,1,18000,1,100000,50,1203,,,,,
1210,60,6,18000,1,100000,50,1204,1205,1206,1207,1208,1209
1211,60,1,18000,1,100000,50,1210,,,,,
1212,60,2,18000,1,100000,50,1200,1211,,,,
1213,60,2,18000,1,100000,50,1201,1211,,,,
1214,60,2,18000,1,100000,50,1211,1202,,,,
1215,60,2,18000,1,100000,50,1211,1203,,,,
1216,60,4,18000,1,100000,50,1212,1213,1214,1215,,
1217,60,1,18000,1,100000,50,1216,,,,,
1218,60,1,18000,1,100000,50,1217,,,,,
1219,60,1,18000,1,100000,50,1218,,,,,
1220,61,0,18300,1,100000,50,,,,,,
1221,61,0,18300,1,100000,50,,,,,,
1222,61,0,18300,1,100000,50,,,,,,
1223,61,0,18300,1,100000,50,,,,,,
1224,61,2,18300,1,100000,50,1220,1221,,,,
1225,61,2,18300,1,100000,50,1220,1221,,,,
1226,61,2,18300,1,100000,50,1221,1222,,,,
1227,61,2,18300,1,100000,50,1222,1223,,,,
1228,61,2,18300,1,100000,50,1221,1223,,,,
1229,61,1,18300,1,100000,50,1223,,,,,
1230,61,6,18300,1,100000,50,1224,1225,1226,1227,1228,1229
1231,61,1,18300,1,100000,50,1230,,,,,
1232,61,2,18300,1,100000,50,1220,1231,,,,
1233,61,2,18300,1,100000,50,1221,1231,,,,
1234,61,2,18300,1,100000,50,1231,1222,,,,
1235,61,2,18300,1,100000,50,1231,1223,,,,
1236,61,4,18300,1,100000,50,1232,1233,1234,1235,,
1237,61,1,18300,1,100000,50,1236,,,,,
1238,61,1,18300,1,100000,50,1237,,,,,
1239,61,1,18300,1,100000,50,1238,,,,,
1240,62,0,18600,1,100000,50,,,,,,
1241,62,0,18600,1,100000,50,,,,,,
1242,62,0,18600,1,100000,50,,,,,,
1243,62,0,18600,1,100000,50,,,,,,
1244,62,2,18600,1,100000,50,1240,1241,,,,
1245,62,2,18600,1,100000,50,1240,1241,,,,
1246,62,2,18600,1,100000,50,1241,1242,,,,
1247,62,2,18600,1,100000,50,1242,1243,,,,
1248,62,2,18600,1,100000,50,1241,1243,,,,
1249,62,1,18600,1,100000,50,1243,,,,,
1250,62,6,18600,1,100000,50,1244,1245,1246,1247,1248,1249
1251,62,1,18600,1,100000,50,1250,,,,,
1252,62,2,18600,1,100000,50,1240,1251,,,,
1253,62,2,18600,1,100000,50,1241,1251,,,,
1254,62,2,18600,1,100000,50,1251,1242,,,,
1255,62,2,18600,1,100000,50,1251,1243,,,,
1256,62,4,18600,1,100000,50,1252,1253,1254,1255,,
1257,62,1,18600,1,100000,50,1256,,,,,
1258,62,1,18600,1,100000,50,1257,,,,,
1259,62,1,18600,1,100000,50,1258,,,,,
1260,63,0,18900,1,100000,50,,,,,,
1261,63,0,18900,1,100000,50,,,,,,
1262,63,0,18900,1,100000,50,,,,,,
1263,63,0,18900,1,100000,50,,,,,,
1264,63,2,18900,1,100000,50,1260,1261,,,,
1265,63,2,18900,1,100000,50,1260,1261,,,,
1266,63,2,18900,1,100000,50,1261,1262,,,,
1267,63,2,18900,1,100000,50,1262,1263,,,,
1268,63,2,18900,1,100000,50,1261,1263,,,,
1269,63,1,18900,1,100000,50,1263,,,,,
1270,63,6,18900,1,100000,50,1264,1265,1266,1267,1268,1269
1271,63,1,18900,1,100000,50,1270,,,,,
1272,63,2,18900,1,100000,50,1260,1271,,,,
1273,63,2,18900,1,100000,50,1261,1271,,,,
1274,63,2,18900,1,100000,50,1271,1262,,,,
1275,63,2,18900,1,100000,50,1271,1263,,,,
1276,63,4,18900,1,100000,50,1272,1273,1274,1275,,
1277,63,1,18900,1,100000,50,1276,,,,,
1278,63,1,18900,1,100000,50,1277,,,,,
1279,63,1,18900,1,100000,50,1278,,,,,
1280,64,0,19200,1,100000,50,,,,,,
1281,64,0,19200,1,100000,50,,,,,,
1282,64,0,19200,1,100000,50,,,,,,
1283,64,0,19200,1,100000,50,,,,,,
1284,64,2,19200,1,100000,50,1280,1281,,,,
1285,64,2,19200,1,100000,50,1280,1281,,,,
1286,64,2,19200,1,100000,50,1281,1282,,,,
1287,64,2,19200,1,100000,50,1282,1283,,,,
1288,64,2,19200,1,100000,50,1281,1283,,,,
1289,64,1,19200,1,100000,50,1283,,,,,
1290,64,6,19200,1,100000,50,1284,1285,1286,1287,1288,1289
1291,64,1,19200,1,100000,50,1290,,,,,
1292,64,2,19200,1,100000,50,1280,1291,,,,
1293,64,2,19200,1,100000,50,1281,1291,,,,
1294,64,2,19200,1,100000,50,1291,1282,,,,
1295,64,2,19200,1,100000,50,1291,1283,,,,
1296,64,4,19200,1,100000,50,1292,1293,1294,1295,,
1297,64,1,19200,1,100000,50,1296,,,,,
1298,64,1,19200,1,100000,50,1297,,,,,
1299,64,1,19200,1,100000,50,1298,,,,,
1300,65,0,19500,1,100000,50,,,,,,
1301,65,0,19500,1,100000,50,,,,,,
1302,65,0,19500,1,100000,50,,,,,,
1303,65,0,19500,1,100000,50,,,,,,
1304,65,2,19500,1,100000,50,1300,1301,,,,
1305,65,2,19500,1,100000,50,1300,1301,,,,
1306,65,2,19500,1,100000,50,1301,1302,,,,
1307,65,2,19500,1,100000,50,1302,1303,,,,
1308,65,2,19500,1,100000,50,1301,1303,,,,
1309,65,1,19500,1,100000,50,1303,,,,,
1310,65,6,19500,1,100000,50,1304,1305,1306,1307,1308,1309
1311,65,1,19500,1,100000,50,1310,,,,,
1312,65,2,19500,1,100000,50,1300,1311,,,,
1313,65,2,19500,1,100000,50,1301,1311,,,,
1314,65,2,19500,1,100000,50,1311,1302,,,,
1315,65,2,19500,1,100000,50,1311,1303,,,,
1316,65,4,19500,1,100000,50,1312,1313,1314,1315,,
1317,65,1,19500,1,100000,50,1316,,,,,
1318,65,1,19500,1,100000,50,1317,,,,,
1319,65,1,19500,1,100000,50,1318,,,,,
1320,66,0,19800,1,100000,50,,,,,,
1321,66,0,19800,1,100000,50,,,,,,
1322,66,0,19800,1,100000,50,,,,,,
1323,66,0,19800,1,100000,50,,,,,,
1324,66,2,19800,1,100000,50,1320,1321,,,,
1325,66,2,19800,1,100000,50,1320,1321,,,,
1326,66,2,19800,1,100000,50,1321,1322,,,,
1327,66,2,19800,1,100000,50,1322,1323,,,,
1328,66,2,19800,1,100000,50,1321,1323,,,,
1329,66,1,19800,1,100000,50,1323,,,,,
1330,66,6,19800,1,100000,50,1324,1325,1326,1327,1328,1329
1331,66,1,19800,1,100000,50,1330,,,,,
1332,66,2,19800,1,100000,50,1320,1331,,,,
1333,66,2,19800,1,100000,50,1321,1331,,,,
1334,66,2,19800,1,100000,50,1331,1322,,,,
1335,66,2,19800,1,100000,50,1331,1323,,,,
1336,66,4,19800,1,100000,50,1332,1333,1334,1335,,
1337,66,1,19800,1,100000,50,1336,,,,,
1338,66,1,19800,1,100000,50,1337,,,,,
1339,66,1,19800,1,100000,50,1338,,,,,
1340,67,0,20100,1,100000,50,,,,,,
1341,67,0,20100,1,100000,50,,,,,,
1342,67,0,20100,1,100000,50,,,,,,
1343,67,0,20100,1,100000,50,,,,,,
1344,67,2,20100,1,100000,50,1340,1341,,,,
1345,67,2,20100,1,100000,50,1340,1341,,,,
1346,67,2,20100,1,100000,50,1341,1342,,,,
1347,67,2,20100,1,100000,50,1342,1343,,,,
1348,67,2,20100,1,100000,50,1341,1343,,,,
1349,67,1,20100,1,100000,50,1343,,,,,
1350,67,6,20100,1,100000,50,1344,1345,1346,1347,1348,1349
1351,67,1,20100,1,100000,50,1350,,,,,
1352,67,2,20100,1,100000,50,1340,1351,,,,
1353,67,2,20100,1,100000,50,1341,1351,,,,
1354,67,2,20100,1,100000,50,1351,1342,,,,
1355,67,2,20100,1,100000,50,1351,1343,,,,
1356,67,4,20100,1,100000,50,1352,1353,1354,1355,,
1357,67,1,20100,1,100000,50,1356,,,,,
1358,67,1,20100,1,100000,50,1357,,,,,
1359,67,1,20100,1,100000,50,1358,,,,,
1360,68,0,20400,1,100000,50,,,,,,
1361,68,0,20400,1,100000,50,,,,,,
1362,68,0,20400,1,100000,50,,,,,,
1363,68,0,20400,1,100000,50,,,,,,
1364,68,2,20400,1,100000,50,1360,1361,,,,
1365,68,2,20400,1,100000,50,1360,1361,,,,
1366,68,2,20400,1,100000,50,1361,1362,,,,
1367,68,2,20400,1,100000,50,1362,1363,,,,
1368,68,2,20400,1,100000,50,1361,1363,,,,
1369,68,1,20400,1,100000,50,1363,,,,,
1370,68,6,20400,1,100000,50,1364,1365,1366,1367,1368,1369
1371,68,1,20400,1,100000,50,1370,,,,,
1372,68,2,20400,1,100000,50,1360,1371,,,,
1373,68,2,20400,1,100000,50,1361,1371,,,,
1374,68,2,20400,1,100000,50,1371,1362,,,,
1375,68,2,20400,1,100000,50,1371,1363,,,,
1376,68,4,20400,1,100000,50,1372,1373,1374,1375,,
1377,68,1,20400,1,100000,50,1376,,,,,
1378,68,1,20400,1,100000,50,1377,,,,,
1379,68,1,20400,1,100000,50,1378,,,,,
1380,69,0,20700,1,100000,50,,,,,,
1381,69,0,20700,1,100000,50,,,,,,
1382,69,0,20700,1,100000,50,,,,,,
1383,69,0,20700,1,100000,50,,,,,,
1384,69,2,20700,1,100000,50,1380,1381,,,,
1385,69,2,20700,1,100000,50,1380,1381,,,,
1386,69,2,20700,1,100000,50,1381,1382,,,,
1387,69,2,20700,1,100000,50,1382,1383,,,,
1388,69,2,20700,1,100000,50,1381,1383,,,,
1389,69,1,20700,1,100000,50,1383,,,,,
1390,69,6,20700,1,100000,50,1384,1385,1386,1387,1388,1389
1391,69,1,20700,1,100000,50,1390,,,,,
1392,69,2,20700,1,100000,50,1380,1391,,,,
1393,69,2,20700,1,100000,50,1381,1391,,,,
1394,69,2,20700,1,100000,50,1391,1382,,,,
1395,69,2,20700,1,100000,50,1391,1383,,,,
1396,69,4,20700,1,100000,50,1392,1393,1394,1395,,
1397,69,1,20700,1,100000,50,1396,,,,,
1398,69,1,20700,1,100000,50,1397,,,,,
1399,69,1,20700,1,100000,50,1398,,,,,
1400,70,0,21000,1,100000,50,,,,,,
1401,70,0,21000,1,100000,50,,,,,,
1402,70,0,21000,1,100000,50,,,,,,
1403,70,0,21000,1,100000,50,,,,,,
1404,70,2,21000,1,100000,50,1400,1401,,,,
1405,70,2,21000,1,100000,50,1400,1401,,,,
1406,70,2,21000,1,100000,50,1401,1402,,,,
1407,70,2,21000,1,100000,50,1402,1403,,,,
1408,70,2,21000,1,100000,50,1401,1403,,,,
1409,70,1,21000,1,100000,50,1403,,,,,
1410,70,6,21000,1,100000,50,1404,1405,1406,1407,1408,1409
1411,70,1,21000,1,100000,50,1410,,,,,
1412,70,2,21000,1,100000,50,1400,1411,,,,
1413,70,2,21000,1,100000,50,1401,1411,,,,
1414,70,2,21000,1,100000,50,1411,1402,,,,
1415,70,2,21000,1,100000,50,1411,1403,,,,
1416,70,4,21000,1,100000,50,1412,1413,1414,1415,,
1417,70,1,21000,1,100000,50,1416,,,,,
1418,70,1,21000,1,100000,50,1417,,,,,
1419,70,1,21000,1,100000,50,1418,,,,,
1420,71,0,21300,1,100000,50,,,,,,
1421,71,0,21300,1,100000,50,,,,,,
1422,71,0,21300,1,100000,50,,,,,,
1423,71,0,21300,1,100000,50,,,,,,
1424,71,2,21300,1,100000,50,1420,1421,,,,
1425,71,2,21300,1,100000,50,1420,1421,,,,
1426,71,2,21300,1,100000,50,1421,1422,,,,
1427,71,2,21300,1,100000,50,1422,1423,,,,
1428,71,2,21300,1,100000,50,1421,1423,,,,
1429,71,1,21300,1,100000,50,1423,,,,,
1430,71,6,21300,1,100000,50,1424,1425,1426,1427,1428,1429
1431,71,1,21300,1,100000,50,1430,,,,,
1432,71,2,21300,1,100000,50,1420,1431,,,,
1433,71,2,21300,1,100000,50,1421,1431,,,,
1434,71,2,21300,1,100000,50,1431,1422,,,,
1435,71,2,21300,1,100000,50,1431,1423,,,,
1436,71,4,21300,1,100000,50,1432,1433,1434,1435,,
1437,71,1,21300,1,100000,50,1436,,,,,
1438,71,1,21300,1,100000,50,1437,,,,,
1439,71,1,21300,1,100000,50,1438,,,,,
1440,72,0,21600,1,100000,50,,,,,,
1441,72,0,21600,1,100000,50,,,,,,
1442,72,0,21600,1,100000,50,,,,,,
1443,72,0,21600,1,100000,50,,,,,,
1444,72,2,21600,1,100000,50,1440,1441,,,,
1445,72,2,21600,1,100000,50,1440,1441,,,,
1446,72,2,21600,1,100000,50,1441,1442,,,,
1447,72,2,21600,1,100000,50,1442,1443,,,,
1448,72,2,21600,1,100000,50,1441,1443,,,,
1449,72,1,21600,1,100000,50,1443,,,,,
1450,72,6,21600,1,100000,50,1444,1445,1446,1447,1448,1449
1451,72,1,21600,1,100000,50,1450,,,,,
1452,72,2,21600,1,100000,50,1440,1451,,,,
1453,72,2,21600,1,100000,50,1441,1451,,,,
1454,72,2,21600,1,100000,50,1451,1442,,,,
1455,72,2,21600,1,100000,50,1451,1443,,,,
1456,72,4,21600,1,100000,50,1452,1453,1454,1455,,
1457,72,1,21600,1,100000,50,1456,,,,,
1458,72,1,21600,1,100000,50,1457,,,,,
1459,72,1,21600,1,100000,50,1458,,,,,
1460,73,0,21900,1,100000,50,,,,,,
1461,73,0,21900,1,100000,50,,,,,,
1462,73,0,21900,1,100000,50,,,,,,
1463,73,0,21900,1,100000,50,,,,,,
1464,73,2,21900,1,100000,50,1460,1461,,,,
1465,73,2,21900,1,100000,50,1460,1461,,,,
1466,73,2,21900,1,100000,50,1461,1462,,,,
1467,73,2,21900,1,100000,50,1462,1463,,,,
1468,73,2,21900,1,100000,50,1461,1463,,,,
1469,73,1,21900,1,100000,50,1463,,,,,
1470,73,6,21900,1,100000,50,1464,1465,1466,1467,1468,1469
1471,73,1,21900,1,100000,50,1470,,,,,
1472,73,2,21900,1,100000,50,1460,1471,,,,
1473,73,2,21900,1,100000,50,1461,1471,,,,
1474,73,2,21900,1,100000,50,1471,1462,,,,
1475,73,2,21900,1,100000,50,1471,1463,,,,
1476,73,4,21900,1,100000,50,1472,1473,1474,1475,,
1477,73,1,21900,1,100000,50,1476,,,,,
1478,73,1,21900,1,100000,50,1477,,,,,
1479,73,1,21900,1,100000,50,1478,,,,,
1480,74,0,22200,1,100000,50,,,,,,
1481,74,0,22200,1,100000,50,,,,,,
1482,74,0,22200,1,100000,50,,,,,,
1483,74,0,22200,1,100000,50,,,,,,
1484,74,2,22200,1,100000,50,1480,1481,,,,
1485,74,2,22200,1,100000,50,1480,1481,,,,
1486,74,2,22200,1,100000,50,1481,1482,,,,
1487,74,2,22200,1,100000,50,1482,1483,,,,
1488,74,2,22200,1,100000,50,1481,1483,,,,
1489,74,1,22200,1,100000,50,1483,,,,,
1490,74,6,22200,1,100000,50,1484,1485,1486,1487,1488,1489
1491,74,1,22200,1,100000,50,1490,,,,,
1492,74,2,22200,1,100000,50,1480,1491,,,,
1493,74,2,22200,1,100000,50,1481,1491,,,,
1494,74,2,22200,1,100000,50,1491,1482,,,,
1495,74,2,22200,1,100000,50,1491,1483,,,,
1496,74,4,22200,1,100000,50,1492,1493,1494,1495,,
1497,74,1,22200,1,100000,50,1496,,,,,
1498,74,1,22200,1,100000,50,1497,,,,,
1499,74,1,22200,1,100000,50,1498,,,,,
1500,75,0,22500,1,100000,50,,,,,,
1501,75,0,22500,1,100000,50,,,,,,
1502,75,0,22500,1,100000,50,,,,,,
1503,75,0,22500,1,100000,50,,,,,,
1504,75,2,22500,1,100000,50,1500,1501,,,,
1505,75,2,22500,1,100000,50,1500,1501,,,,
1506,75,2,22500,1,100000,50,1501,1502,,,,
1507,75,2,22500,1,100000,50,1502,1503,,,,
1508,75,2,22500,1,100000,50,1501,1503,,,,
1509,75,1,22500,1,100000,50,1503,,,,,
1510,75,6,22500,1,100000,50,1504,1505,1506,1507,1508,1509
1511,75,1,22500,1,100000,50,1510,,,,,
1512,75,2,22500,1,100000,50,1500,1511,,,,
1513,75,2,22500,1,100000,50,1501,1511,,,,
1514,75,2,22500,1,100000,50,1511,1502,,,,
1515,75,2,22500,1,100000,50,1511,1503,,,,
1516,75,4,22500,1,100000,50,1512,1513,1514,1515,,
1517,75,1,22500,1,100000,50,1516,,,,,
1518,75,1,22500,1,100000,50,1517,,,,,
1519,75,1,22500,1,100000,50,1518,,,,,
1520,76,0,22800,1,100000,50,,,,,,
1521,76,0,22800,1,100000,50,,,,,,
1522,76,0,22800,1,100000,50,,,,,,
1523,76,0,22800,1,100000,50,,,,,,
1524,76,2,22800,1,100000,50,1520,1521,,,,
1525,76,2,22800,1,100000,50,1520,1521,,,,
1526,76,2,22800,1,100000,50,1521,1522,,,,
1527,76,2,22800,1,100000,50,1522,1523,,,,
1528,76,2,22800,1,100000,50,1521,1523,,,,
1529,76,1,22800,1,100000,50,1523,,,,,
1530,76,6,22800,1,100000,50,1524,1525,1526,1527,1528,1529
1531,76,1,22800,1,100000,50,1530,,,,,
1532,76,2,22800,1,100000,50,1520,1531,,,,
1533,76,2,22800,1,100000,50,1521,1531,,,,
1534,76,2,22800,1,100000,50,1531,1522,,,,
1535,76,2,22800,1,100000,50,1531,1523,,,,
1536,76,4,22800,1,100000,50,1532,1533,1534,1535,,
1537,76,1,22800,1,100000,50,1536,,,,,
1538,76,1,22800,1,100000,50,1537,,,,,
1539,76,1,22800,1,100000,50,1538,,,,,
1540,77,0,23100,1,100000,50,,,,,,
1541,77,0,23100,1,100000,50,,,,,,
1542,77,0,23100,1,100000,50,,,,,,
1543,77,0,23100,1,100000,50,,,,,,
1544,77,2,23100,1,100000,50,1540,1541,,,,
1545,77,2,23100,1,100000,50,1540,1541,,,,
1546,77,2,23100,1,100000,50,1541,1542,,,,
1547,77,2,23100,1,100000,50,1542,1543,,,,
1548,77,2,23100,1,100000,50,1541,1543,,,,
1549,77,1,23100,1,100000,50,1543,,,,,
1550,77,6,23100,1,100000,50,1544,1545,1546,1547,1548,1549
1551,77,1,23100,1,100000,50,1550,,,,,
1552,77,2,23100,1,100000,50,1540,1551,,,,
1553,77,2,23100,1,100000,50,1541,1551,,,,
1554,77,2,23100,1,100000,50,1551,1542,,,,
1555,77,2,23100,1,100000,50,1551,1543,,,,
1556,77,4,23100,1,100000,50,1552,1553,1554,1555,,
1557,77,1,23100,1,100000,50,1556,,,,,
1558,77,1,23100,1,100000,50,1557,,,,,
1559,77,1,23100,1,100000,50,1558,,,,,
1560,78,0,23400,1,100000,50,,,,,,
1561,78,0,23400,1,100000,50,,,,,,
1562,78,0,23400,1,100000,50,,,,,,
1563,78,0,23400,1,100000,50,,,,,,
1564,78,2,23400,1,100000,50,1560,1561,,,,
1565,78,2,23400,1,100000,50,1560,1561,,,,
1566,78,2,23400,1,100000,50,1561,1562,,,,
1567,78,2,23400,1,100000,50,1562,1563,,,,
1568,78,2,23400,1,100000,50,1561,1563,,,,
1569,78,1,23400,1,100000,50,1563,,,,,
1570,78,6,23400,1,100000,50,1564,1565,1566,1567,1568,1569
1571,78,1,23400,1,100000,50,1570,,,,,
1572,78,2,23400,1,100000,50,1560,1571,,,,
1573,78,2,23400,1,100000,50,1561,1571,,,,
1574,78,2,23400,1,100000,50,1571,1562,,,,
1575,78,2,23400,1,100000,50,1571,1563,,,,
1576,78,4,23400,1,100000,50,1572,1573,1574,1575,,
1577,78,1,23400,1,100000,50,1576,,,,,
1578,78,1,23400,1,100000,50,1577,,,,,
1579,78,1,23400,1,100000,50,1578,,,,,
1580,79,0,23700,1,100000,50,,,,,,
1581,79,0,23700,1,100000,50,,,,,,
1582,79,0,23700,1,100000,50,,,,,,
1583,79,0,23700,1,100000,50,,,,,,
1584,79,2,23700,1,100000,50,1580,1581,,,,
1585,79,2,23700,1,100000,50,1580,1581,,,,
1586,79,2,23700,1,100000,50,1581,1582,,,,
1587,79,2,23700,1,100000,50,1582,1583,,,,
1588,79,2,23700,1,100000,50,1581,1583,,,,
1589,79,1,23700,1,100000,50,1583,,,,,
1590,79,6,23700,1,100000,50,1584,1585,1586,1587,1588,1589
1591,79,1,23700,1,100000,50,1590,,,,,
1592,79,2,23700,1,100000,50,1580,1591,,,,
1593,79,2,23700,1,100000,50,1581,1591,,,,
1594,79,2,23700,1,100000,50,1591,1582,,,,
1595,79,2,23700,1,100000,50,1591,1583,,,,
1596,79,4,23700,1,100000,50,1592,1593,1594,1595,,
1597,79,1,23700,1,100000,50,1596,,,,,
1598,79,1,23700,1,100000,50,1597,,,,,
1599,79,1,23700,1,100000,50,1598,,,,,
1600,80,0,24000,1,100000,50,,,,,,
1601,80,0,24000,1,100000,50,,,,,,
1602,80,0,24000,1,100000,50,,,,,,
1603,80,0,24000,1,100000,50,,,,,,
1604,80,2,24000,1,100000,50,1600,1601,,,,
1605,80,2,24000,1,100000,50,1600,1601,,,,
1606,80,2,24000,1,100000,50,1601,1602,,,,
1607,80,2,24000,1,100000,50,1602,1603,,,,
1608,80,2,24000,1,100000,50,1601,1603,,,,
1609,80,1,24000,1,100000,50,1603,,,,,
1610,80,6,24000,1,100000,50,1604,1605,1606,1607,1608,1609
1611,80,1,24000,1,100000,50,1610,,,,,
1612,80,2,24000,1,100000,50,1600,1611,,,,
1613,80,2,24000,1,100000,50,1601,1611,,,,
1614,80,2,24000,1,100000,50,1611,1602,,,,
1615,80,2,24000,1,100000,50,1611,1603,,,,
1616,80,4,24000,1,100000,50,1612,1613,1614,1615,,
1617,80,1,24000,1,100000,50,1616,,,,,
1618,80,1,24000,1,100000,50,1617,,,,,
1619,80,1,24000,1,100000,50,1618,,,,,
1620,81,0,24300,1,100000,50,,,,,,
1621,81,0,24300,1,100000,50,,,,,,
1622,81,0,24300,1,100000,50,,,,,,
1623,81,0,24300,1,100000,50,,,,,,
1624,81,2,24300,1,100000,50,1620,1621,,,,
1625,81,2,24300,1,100000,50,1620,1621,,,,
1626,81,2,24300,1,100000,50,1621,1622,,,,
1627,81,2,24300,1,100000,50,1622,1623,,,,
1628,81,2,24300,1,100000,50,1621,1623,,,,
1629,81,1,24300,1,100000,50,1623,,,,,
1630,81,6,24300,1,100000,50,1624,1625,1626,1627,1628,1629
1631,81,1,24300,1,100000,50,1630,,,,,
1632,81,2,24300,1,100000,50,1620,1631,,,,
1633,81,2,24300,1,100000,50,1621,1631,,,,
1634,81,2,24300,1,100000,50,1631,1622,,,,
1635,81,2,24300,1,100000,50,1631,1623,,,,
1636,81,4,24300,1,100000,50,1632,1633,1634,1635,,
1637,81,1,24300,1,100000,50,1636,,,,,
1638,81,1,24300,1,100000,50,1637,,,,,
1639,81,1,24300,1,100000,50,1638,,,,,
1640,82,0,24600,1,100000,50,,,,,,
1641,82,0,24600,1,100000,50,,,,,,
1642,82,0,24600,1,100000,50,,,,,,
1643,82,0,24600,1,100000,50,,,,,,
1644,82,2,24600,1,100000,50,1640,1641,,,,
1645,82,2,24600,1,100000,50,1640,1641,,,,
1646,82,2,24600,1,100000,50,1641,1642,,,,
1647,82,2,24600,1,100000,50,1642,1643,,,,
1648,82,2,24600,1,100000,50,1641,1643,,,,
1649,82,1,24600,1,100000,50,1643,,,,,
1650,82,6,24600,1,100000,50,1644,1645,1646,1647,1648,1649
1651,82,1,24600,1,100000,50,1650,,,,,
1652,82,2,24600,1,100000,50,1640,1651,,,,
1653,82,2,24600,1,100000,50,1641,1651,,,,
1654,82,2,24600,1,100000,50,1651,1642,,,,
1655,82,2,24600,1,100000,50,1651,1643,,,,
1656,82,4,24600,1,100000,50,1652,1653,1654,1655,,
1657,82,1,24600,1,100000,50,1656,,,,,
1658,82,1,24600,1,100000,50,1657,,,,,
1659,82,1,24600,1,100000,50,1658,,,,,
1660,83,0,24900,1,100000,50,,,,,,
1661,83,0,24900,1,100000,50,,,,,,
1662,83,0,24900,1,100000,50,,,,,,
1663,83,0,24900,1,100000,50,,,,,,
1664,83,2,24900,1,100000,50,1660,1661,,,,
1665,83,2,24900,1,100000,50,1660,1661,,,,
1666,83,2,24900,1,100000,50,1661,1662,,,,
1667,83,2,24900,1,100000,50,1662,1663,,,,
1668,83,2,24900,1,100000,50,1661,1663,,,,
1669,83,1,24900,1,100000,50,1663,,,,,
1670,83,6,24900,1,100000,50,1664,1665,1666,1667,1668,1669
1671,83,1,24900,1,100000,50,1670,,,,,
1672,83,2,24900,1,100000,50,1660,1671,,,,
1673,83,2,24900,1,100000,50,1661,1671,,,,
1674,83,2,24900,1,100000,50,1671,1662,,,,
1675,83,2,24900,1,100000,50,1671,1663,,,,
1676,83,4,24900,1,100000,50,1672,1673,1674,1675,,
1677,83,1,24900,1,100000,50,1676,,,,,
1678,83,1,24900,1,100000,50,1677,,,,,
1679,83,1,24900,1,100000,50,1678,,,,,
1680,84,0,25200,1,100000,50,,,,,,
1681,84,0,25200,1,100000,50,,,,,,
1682,84,0,25200,1,100000,50,,,,,,
1683,84,0,25200,1,100000,50,,,,,,
1684,84,2,25200,1,100000,50,1680,1681,,,,
1685,84,2,25200,1,100000,50,1680,1681,,,,
1686,84,2,25200,1,100000,50,1681,1682,,,,
1687,84,2,25200,1,100000,50,1682,1683,,,,
1688,84,2,25200,1,100000,50,1681,1683,,,,
1689,84,1,25200,1,100000,50,1683,,,,,
1690,84,6,25200,1,100000,50,1684,1685,1686,1687,1688,1689
1691,84,1,25200,1,100000,50,1690,,,,,
1692,84,2,25200,1,100000,50,1680,1691,,,,
1693,84,2,25200,1,100000,50,1681,1691,,,,
1694,84,2,25200,1,100000,50,1691,1682,,,,
1695,84,2,25200,1,100000,50,1691,1683,,,,
1696,84,4,25200,1,100000,50,1692,1693,1694,1695,,
1697,84,1,25200,1,100000,50,1696,,,,,
1698,84,1,25200,1,100000,50,1697,,,,,
1699,84,1,25200,1,100000,50,1698,,,,,
1700,85,0,25500,1,100000,50,,,,,,
1701,85,0,25500,1,100000,50,,,,,,
1702,85,0,25500,1,100000,50,,,,,,
1703,85,0,25500,1,100000,50,,,,,,
1704,85,2,25500,1,100000,50,1700,1701,,,,
1705,85,2,25500,1,100000,50,1700,1701,,,,
1706,85,2,25500,1,100000,50,1701,1702,,,,
1707,85,2,25500,1,100000,50,1702,1703,,,,
1708,85,2,25500,1,100000,50,1701,1703,,,,
1709,85,1,25500,1,100000,50,1703,,,,,
1710,85,6,25500,1,100000,50,1704,1705,1706,1707,1708,1709
1711,85,1,25500,1,100000,50,1710,,,,,
1712,85,2,25500,1,100000,50,1700,1711,,,,
1713,85,2,25500,1,100000,50,1701,1711,,,,
1714,85,2,25500,1,100000,50,1711,1702,,,,
1715,85,2,25500,1,100000,50,1711,1703,,,,
1716,85,4,25500,1,100000,50,1712,1713,1714,1715,,
1717,85,1,25500,1,100000,50,1716,,,,,
1718,85,1,25500,1,100000,50,1717,,,,,
1719,85,1,25500,1,100000,50,1718,,,,,
1720,86,0,25800,1,100000,50,,,,,,
1721,86,0,25800,1,100000,50,,,,,,
1722,86,0,25800,1,100000,50,,,,,,
1723,86,0,25800,1,100000,50,,,,,,
1724,86,2,25800,1,100000,50,1720,1721,,,,
1725,86,2,25800,1,100000,50,1720,1721,,,,
1726,86,2,25800,1,100000,50,1721,1722,,,,
1727,86,2,25800,1,100000,50,1722,1723,,,,
1728,86,2,25800,1,100000,50,1721,1723,,,,
1729,86,1,25800,1,100000,50,1723,,,,,
1730,86,6,25800,1,100000,50,1724,1725,1726,1727,1728,1729
1731,86,1,25800,1,100000,50,1730,,,,,
1732,86,2,25800,1,100000,50,1720,1731,,,,
1733,86,2,25800,1,100000,50,1721,1731,,,,
1734,86,2,25800,1,100000,50,1731,1722,,,,
1735,86,2,25800,1,100000,50,1731,1723,,,,
1736,86,4,25800,1,100000,50,1732,1733,1734,1735,,
1737,86,1,25800,1,100000,50,1736,,,,,
1738,86,1,25800,1,100000,50,1737,,,,,
1739,86,1,25800,1,100000,50,1738,,,,,
1740,87,0,26100,1,100000,50,,,,,,
1741,87,0,26100,1,100000,50,,,,,,
1742,87,0,26100,1,100000,50,,,,,,
1743,87,0,26100,1,100000,50,,,,,,
1744,87,2,26100,1,100000,50,1740,1741,,,,
1745,87,2,26100,1,100000,50,1740,1741,,,,
1746,87,2,26100,1,100000,50,1741,1742,,,,
1747,87,2,26100,1,100000,50,1742,1743,,,,
1748,87,2,26100,1,100000,50,1741,1743,,,,
1749,87,1,26100,1,100000,50,1743,,,,,
1750,87,6,26100,1,100000,50,1744,1745,1746,1747,1748,1749
1751,87,1,26100,1,100000,50,1750,,,,,
1752,87,2,26100,1,100000,50,1740,1751,,,,
1753,87,2,26100,1,100000,50,1741,1751,,,,
1754,87,2,26100,1,100000,50,1751,1742,,,,
1755,87,2,26100,1,100000,50,1751,1743,,,,
1756,87,4,26100,1,100000,50,1752,1753,1754,1755,,
1757,87,1,26100,1,100000,50,1756,,,,,
1758,87,1,26100,1,100000,50,1757,,,,,
1759,87,1,26100,1,100000,50,1758,,,,,
1760,88,0,26400,1,100000,50,,,,,,
1761,88,0,26400,1,100000,50,,,,,,
1762,88,0,26400,1,100000,50,,,,,,
1763,88,0,26400,1,100000,50,,,,,,
1764,88,2,26400,1,100000,50,1760,1761,,,,
1765,88,2,26400,1,100000,50,1760,1761,,,,
1766,88,2,26400,1,100000,50,1761,1762,,,,
1767,88,2,26400,1,100000,50,1762,1763,,,,
1768,88,2,26400,1,100000,50,1761,1763,,,,
1769,88,1,26400,1,100000,50,1763,,,,,
1770,88,6,26400,1,100000,50,1764,1765,1766,1767,1768,1769
1771,88,1,26400,1,100000,50,1770,,,,,
1772,88,2,26400,1,100000,50,1760,1771,,,,
1773,88,2,26400,1,100000,50,1761,1771,,,,
1774,88,2,26400,1,100000,50,1771,1762,,,,
1775,88,2,26400,1,100000,50,1771,1763,,,,
1776,88,4,26400,1,100000,50,1772,1773,1774,1775,,
1777,88,1,26400,1,100000,50,1776,,,,,
1778,88,1,26400,1,100000,50,1777,,,,,
1779,88,1,26400,1,100000,50,1778,,,,,
1780,89,0,26700,1,100000,50,,,,,,
1781,89,0,26700,1,100000,50,,,,,,
1782,89,0,26700,1,100000,50,,,,,,
1783,89,0,26700,1,100000,50,,,,,,
1784,89,2,26700,1,100000,50,1780,1781,,,,
1785,89,2,26700,1,100000,50,1780,1781,,,,
1786,89,2,26700,1,100000,50,1781,1782,,,,
1787,89,2,26700,1,100000,50,1782,1783,,,,
1788,89,2,26700,1,100000,50,1781,1783,,,,
1789,89,1,26700,1,100000,50,1783,,,,,
1790,89,6,26700,1,100000,50,1784,1785,1786,1787,1788,1789
1791,89,1,26700,1,100000,50,1790,,,,,
1792,89,2,26700,1,100000,50,1780,1791,,,,
1793,89,2,26700,1,100000,50,1781,1791,,,,
1794,89,2,26700,1,100000,50,1791,1782,,,,
1795,89,2,26700,1,100000,50,1791,1783,,,,
1796,89,4,26700,1,100000,50,1792,1793,1794,1795,,
1797,89,1,26700,1,100000,50,1796,,,,,
1798,89,1,26700,1,100000,50,1797,,,,,
1799,89,1,26700,1,100000,50,1798,,,,,
1800,90,0,27000,1,100000,50,,,,,,
1801,90,0,27000,1,100000,50,,,,,,
1802,90,0,27000,1,100000,50,,,,,,
1803,90,0,27000,1,100000,50,,,,,,
1804,90,2,27000,1,100000,50,1800,1801,,,,
1805,90,2,27000,1,100000,50,1800,1801,,,,
1806,90,2,27000,1,100000,50,1801,1802,,,,
1807,90,2,27000,1,100000,50,1802,1803,,,,
1808,90,2,27000,1,100000,50,1801,1803,,,,
1809,90,1,27000,1,100000,50,1803,,,,,
1810,90,6,27000,1,100000,50,1804,1805,1806,1807,1808,1809
1811,90,1,27000,1,100000,50,1810,,,,,
1812,90,2,27000,1,100000,50,1800,1811,,,,
1813,90,2,27000,1,100000,50,1801,1811,,,,
1814,90,2,27000,1,100000,50,1811,1802,,,,
1815,90,2,27000,1,100000,50,1811,1803,,,,
1816,90,4,27000,1,100000,50,1812,1813,1814,1815,,
1817,90,1,27000,1,100000,50,1816,,,,,
1818,90,1,27000,1,100000,50,1817,,,,,
1819,90,1,27000,1,100000,50,1818,,,,,
1820,91,0,27300,1,100000,50,,,,,,
1821,91,0,27300,1,100000,50,,,,,,
1822,91,0,27300,1,100000,50,,,,,,
1823,91,0,27300,1,100000,50,,,,,,
1824,91,2,27300,1,100000,50,1820,1821,,,,
1825,91,2,27300,1,100000,50,1820,1821,,,,
1826,91,2,27300,1,100000,50,1821,1822,,,,
1827,91,2,27300,1,100000,50,1822,1823,,,,
1828,91,2,27300,1,100000,50,1821,1823,,,,
1829,91,1,27300,1,100000,50,1823,,,,,
1830,91,6,27300,1,100000,50,1824,1825,1826,1827,1828,1829
1831,91,1,27300,1,100000,50,1830,,,,,
1832,91,2,27300,1,100000,50,1820,1831,,,,
1833,91,2,27300,1,100000,50,1821,1831,,,,
1834,91,2,27300,1,100000,50,1831,1822,,,,
1835,91,2,27300,1,100000,50,1831,1823,,,,
1836,91,4,27300,1,100000,50,1832,1833,1834,1835,,
1837,91,1,27300,1,100000,50,1836,,,,,
1838,91,1,27300,1,100000,50,1837,,,,,
1839,91,1,27300,1,100000,50,1838,,,,,
1840,92,0,27600,1,100000,50,,,,,,
1841,92,0,27600,1,100000,50,,,,,,
1842,92,0,27600,1,100000,50,,,,,,
1843,92,0,27600,1,100000,50,,,,,,
1844,92,2,27600,1,100000,50,1840,1841,,,,
1845,92,2,27600,1,100000,50,1840,1841,,,,
1846,92,2,27600,1,100000,50,1841,1842,,,,
1847,92,2,27600,1,100000,50,1842,1843,,,,
1848,92,2,27600,1,100000,50,1841,1843,,,,
1849,92,1,27600,1,100000,50,1843,,,,,
1850,92,6,27600,1,100000,50,1844,1845,1846,1847,1848,1849
1851,92,1,27600,1,100000,50,1850,,,,,
1852,92,2,27600,1,100000,50,1840,1851,,,,
1853,92,2,27600,1,100000,50,1841,1851,,,,
1854,92,2,27600,1,100000,50,1851,1842,,,,
1855,92,2,27600,1,100000,50,1851,1843,,,,
1856,92,4,27600,1,100000,50,1852,1853,1854,1855,,
1857,92,1,27600,1,100000,50,1856,,,,,
1858,92,1,27600,1,100000,50,1857,,,,,
1859,92,1,27600,1,100000,50,1858,,,,,
1860,93,0,27900,1,100000,50,,,,,,
1861,93,0,27900,1,100000,50,,,,,,
1862,93,0,27900,1,100000,50,,,,,,
1863,93,0,27900,1,100000,50,,,,,,
1864,93,2,27900,1,100000,50,1860,1861,,,,
1865,93,2,27900,1,100000,50,1860,1861,,,,
1866,93,2,27900,1,100000,50,1861,1862,,,,
1867,93,2,27900,1,100000,50,1862,1863,,,,
1868,93,2,27900,1,100000,50,1861,1863,,,,
1869,93,1,27900,1,100000,50,1863,,,,,
1870,93,6,27900,1,100000,50,1864,1865,1866,1867,1868,1869
1871,93,1,27900,1,100000,50,1870,,,,,
1872,93,2,27900,1,100000,50,1860,1871,,,,
1873,93,2,27900,1,100000,50,1861,1871,,,,
1874,93,2,27900,1,100000,50,1871,1862,,,,
1875,93,2,27900,1,100000,50,1871,1863,,,,
1876,93,4,27900,1,100000,50,1872,1873,1874,1875,,
1877,93,1,27900,1,100000,50,1876,,,,,
1878,93,1,27900,1,100000,50,1877,,,,,
1879,93,1,27900,1,100000,50,1878,,,,,
1880,94,0,28200,1,100000,50,,,,,,
1881,94,0,28200,1,100000,50,,,,,,
1882,94,0,28200,1,100000,50,,,,,,
1883,94,0,28200,1,100000,50,,,,,,
1884,94,2,28200,1,100000,50,1880,1881,,,,
1885,94,2,28200,1,100000,50,1880,1881,,,,
1886,94,2,28200,1,100000,50,1881,1882,,,,
1887,94,2,28200,1,100000,50,1882,1883,,,,
1888,94,2,28200,1,100000,50,1881,1883,,,,
1889,94,1,28200,1,100000,50,1883,,,,,
1890,94,6,28200,1,100000,50,1884,1885,1886,1887,1888,1889
1891,94,1,28200,1,100000,50,1890,,,,,
1892,94,2,28200,1,100000,50,1880,1891,,,,
1893,94,2,28200,1,100000,50,1881,1891,,,,
1894,94,2,28200,1,100000,50,1891,1882,,,,
1895,94,2,28200,1,100000,50,1891,1883,,,,
1896,94,4,28200,1,100000,50,1892,1893,1894,1895,,
1897,94,1,28200,1,100000,50,1896,,,,,
1898,94,1,28200,1,100000,50,1897,,,,,
1899,94,1,28200,1,100000,50,1898,,,,,
1900,95,0,28500,1,100000,50,,,,,,
1901,95,0,28500,1,100000,50,,,,,,
1902,95,0,28500,1,100000,50,,,,,,
1903,95,0,28500,1,100000,50,,,,,,
1904,95,2,28500,1,100000,50,1900,1901,,,,
1905,95,2,28500,1,100000,50,1900,1901,,,,
1906,95,2,28500,1,100000,50,1901,1902,,,,
1907,95,2,28500,1,100000,50,1902,1903,,,,
1908,95,2,28500,1,100000,50,1901,1903,,,,
1909,95,1,28500,1,100000,50,1903,,,,,
1910,95,6,28500,1,100000,50,1904,1905,1906,1907,1908,1909
1911,95,1,28500,1,100000,50,1910,,,,,
1912,95,2,28500,1,100000,50,1900,1911,,,,
1913,95,2,28500,1,100000,50,1901,1911,,,,
1914,95,2,28500,1,100000,50,1911,1902,,,,
1915,95,2,28500,1,100000,50,1911,1903,,,,
1916,95,4,28500,1,100000,50,1912,1913,1914,1915,,
1917,95,1,28500,1,100000,50,1916,,,,,
1918,95,1,28500,1,100000,50,1917,,,,,
1919,95,1,28500,1,100000,50,1918,,,,,
1920,96,0,28800,1,100000,50,,,,,,
1921,96,0,28800,1,100000,50,,,,,,
1922,96,0,28800,1,100000,50,,,,,,
1923,96,0,28800,1,100000,50,,,,,,
1924,96,2,28800,1,100000,50,1920,1921,,,,
1925,96,2,28800,1,100000,50,1920,1921,,,,
1926,96,2,28800,1,100000,50,1921,1922,,,,
1927,96,2,28800,1,100000,50,1922,1923,,,,
1928,96,2,28800,1,100000,50,1921,1923,,,,
1929,96,1,28800,1,100000,50,1923,,,,,
1930,96,6,28800,1,100000,50,1924,1925,1926,1927,1928,1929
1931,96,1,28800,1,100000,50,1930,,,,,
1932,96,2,28800,1,100000,50,1920,1931,,,,
1933,96,2,28800,1,100000,50,1921,1931,,,,
1934,96,2,28800,1,100000,50,1931,1922,,,,
1935,96,2,28800,1,100000,50,1931,1923,,,,
1936,96,4,28800,1,100000,50,1932,1933,1934,1935,,
1937,96,1,28800,1,100000,50,1936,,,,,
1938,96,1,28800,1,100000,50,1937,,,,,
1939,96,1,28800,1,100000,50,1938,,,,,
1940,97,0,29100,1,100000,50,,,,,,
1941,97,0,29100,1,100000,50,,,,,,
1942,97,0,29100,1,100000,50,,,,,,
1943,97,0,29100,1,100000,50,,,,,,
1944,97,2,29100,1,100000,50,1940,1941,,,,
1945,97,2,29100,1,100000,50,1940,1941,,,,
1946,97,2,29100,1,100000,50,1941,1942,,,,
1947,97,2,29100,1,100000,50,1942,1943,,,,
1948,97,2,29100,1,100000,50,1941,1943,,,,
1949,97,1,29100,1,100000,50,1943,,,,,
1950,97,6,29100,1,100000,50,1944,1945,1946,1947,1948,1949
1951,97,1,29100,1,100000,50,1950,,,,,
1952,97,2,29100,1,100000,50,1940,1951,,,,
1953,97,2,29100,1,100000,50,1941,1951,,,,
1954,97,2,29100,1,100000,50,1951,1942,,,,
1955,97,2,29100,1,100000,50,1951,1943,,,,
1956,97,4,29100,1,100000,50,1952,1953,1954,1955,,
1957,97,1,29100,1,100000,50,1956,,,,,
1958,97,1,29100,1,100000,50,1957,,,,,
1959,97,1,29100,1,100000,50,1958,,,,,
1960,98,0,29400,1,100000,50,,,,,,
1961,98,0,29400,1,100000,50,,,,,,
1962,98,0,29400,1,100000,50,,,,,,
1963,98,0,29400,1,100000,50,,,,,,
1964,98,2,29400,1,100000,50,1960,1961,,,,
1965,98,2,29400,1,100000,50,1960,1961,,,,
1966,98,2,29400,1,100000,50,1961,1962,,,,
1967,98,2,29400,1,100000,50,1962,1963,,,,
1968,98,2,29400,1,100000,50,1961,1963,,,,
1969,98,1,29400,1,100000,50,1963,,,,,
1970,98,6,29400,1,100000,50,1964,1965,1966,1967,1968,1969
1971,98,1,29400,1,100000,50,1970,,,,,
1972,98,2,29400,1,100000,50,1960,1971,,,,
1973,98,2,29400,1,100000,50,1961,1971,,,,
1974,98,2,29400,1,100000,50,1971,1962,,,,
1975,98,2,29400,1,100000,50,1971,1963,,,,
1976,98,4,29400,1,100000,50,1972,1973,1974,1975,,
1977,98,1,29400,1,100000,50,1976,,,,,
1978,98,1,29400,1,100000,50,1977,,,,,
1979,98,1,29400,1,100000,50,1978,,,,,
1980,99,0,29700,1,100000,50,,,,,,
1981,99,0,29700,1,100000,50,,,,,,
1982,99,0,29700,1,100000,50,,,,,,
1983,99,0,29700,1,100000,50,,,,,,
1984,99,2,29700,1,100000,50,1980,1981,,,,
1985,99,2,29700,1,100000,50,1980,1981,,,,
1986,99,2,29700,1,100000,50,1981,1982,,,,
1987,99,2,29700,1,100000,50,1982,1983,,,,
1988,99,2,29700,1,100000,50,1981,1983,,,,
1989,99,1,29700,1,100000,50,1983,,,,,
1990,99,6,29700,1,100000,50,1984,1985,1986,1987,1988,1989
1991,99,1,29700,1,100000,50,1990,,,,,
1992,99,2,29700,1,100000,50,1980,1991,,,,
1993,99,2,29700,1,100000,50,1981,1991,,,,
1994,99,2,29700,1,100000,50,1991,1982,,,,
1995,99,2,29700,1,100000,50,1991,1983,,,,
1996,99,4,29700,1,100000,50,1992,1993,1994,1995,,
1997,99,1,29700,1,100000,50,1996,,,,,
1998,99,1,29700,1,100000,50,1997,,,,,
1999,99,1,29700,1,100000,50,1998,,,,,
