idBoT,ownerID,nDep,arrival,nTasks,nbInstructions,Memory,[ID_dep]
0,0,0,0,5,500000,50,
1,0,0,0,4,400000,50,
2,0,1,0,5,500000,50,0
3,0,1,0,4,400000,50,1
4,0,1,0,1,100000,50,2
5,0,1,0,1,100000,50,3
6,0,1,0,5,500000,50,4
7,0,1,0,4,400000,50,5
8,0,1,0,5,500000,50,6
9,0,1,0,4,400000,50,7
10,0,1,0,1,100000,50,8
11,0,1,0,1,100000,50,9
12,1,0,300,5,500000,50,
13,1,0,300,4,400000,50,
14,1,1,300,5,500000,50,12
15,1,1,300,4,400000,50,13
16,1,2,300,1,100000,50,14
17,1,2,300,1,100000,50,15
18,1,3,300,5,500000,50,16
19,1,3,300,4,400000,50,17
20,1,4,300,5,500000,50,18
21,1,4,300,4,400000,50,19
22,1,5,300,1,100000,50,20
23,1,5,300,1,100000,50,21
24,2,0,600,5,500000,50,
25,2,0,600,4,400000,50,
26,2,1,600,5,500000,50,24
27,2,1,600,4,400000,50,25
28,2,2,600,1,100000,50,26
29,2,2,600,1,100000,50,27
30,2,3,600,5,500000,50,28
31,2,3,600,4,400000,50,29
32,2,4,600,5,500000,50,30
33,2,4,600,4,400000,50,31
34,2,5,600,1,100000,50,32
35,2,5,600,1,100000,50,33
36,3,0,900,5,500000,50,
37,3,0,900,4,400000,50,
38,3,1,900,5,500000,50,36
39,3,1,900,4,400000,50,37
40,3,2,900,1,100000,50,38
41,3,2,900,1,100000,50,39
42,3,3,900,5,500000,50,40
43,3,3,900,4,400000,50,41
44,3,4,900,5,500000,50,42
45,3,4,900,4,400000,50,43
46,3,5,900,1,100000,50,44
47,3,5,900,1,100000,50,45
48,4,0,1200,5,500000,50,
49,4,0,1200,4,400000,50,
50,4,1,1200,5,500000,50,48
51,4,1,1200,4,400000,50,49
52,4,2,1200,1,100000,50,50
53,4,2,1200,1,100000,50,51
54,4,3,1200,5,500000,50,52
55,4,3,1200,4,400000,50,53
56,4,4,1200,5,500000,50,54
57,4,4,1200,4,400000,50,55
58,4,5,1200,1,100000,50,56
59,4,5,1200,1,100000,50,57
60,5,0,1500,5,500000,50,
61,5,0,1500,4,400000,50,
62,5,1,1500,5,500000,50,60
63,5,1,1500,4,400000,50,61
64,5,2,1500,1,100000,50,62
65,5,2,1500,1,100000,50,63
66,5,3,1500,5,500000,50,64
67,5,3,1500,4,400000,50,65
68,5,4,1500,5,500000,50,66
69,5,4,1500,4,400000,50,67
70,5,5,1500,1,100000,50,68
71,5,5,1500,1,100000,50,69
72,6,0,1800,5,500000,50,
73,6,0,1800,4,400000,50,
74,6,1,1800,5,500000,50,72
75,6,1,1800,4,400000,50,73
76,6,2,1800,1,100000,50,74
77,6,2,1800,1,100000,50,75
78,6,3,1800,5,500000,50,76
79,6,3,1800,4,400000,50,77
80,6,4,1800,5,500000,50,78
81,6,4,1800,4,400000,50,79
82,6,5,1800,1,100000,50,80
83,6,5,1800,1,100000,50,81
84,7,0,2100,5,500000,50,
85,7,0,2100,4,400000,50,
86,7,1,2100,5,500000,50,84
87,7,1,2100,4,400000,50,85
88,7,2,2100,1,100000,50,86
89,7,2,2100,1,100000,50,87
90,7,3,2100,5,500000,50,88
91,7,3,2100,4,400000,50,89
92,7,4,2100,5,500000,50,90
93,7,4,2100,4,400000,50,91
94,7,5,2100,1,100000,50,92
95,7,5,2100,1,100000,50,93
96,8,0,2400,5,500000,50,
97,8,0,2400,4,400000,50,
98,8,1,2400,5,500000,50,96
99,8,1,2400,4,400000,50,97
100,8,2,2400,1,100000,50,98
101,8,2,2400,1,100000,50,99
102,8,3,2400,5,500000,50,100
103,8,3,2400,4,400000,50,101
104,8,4,2400,5,500000,50,102
105,8,4,2400,4,400000,50,103
106,8,5,2400,1,100000,50,104
107,8,5,2400,1,100000,50,105
108,9,0,2700,5,500000,50,
109,9,0,2700,4,400000,50,
110,9,1,2700,5,500000,50,108
111,9,1,2700,4,400000,50,109
112,9,2,2700,1,100000,50,110
113,9,2,2700,1,100000,50,111
114,9,3,2700,5,500000,50,112
115,9,3,2700,4,400000,50,113
116,9,4,2700,5,500000,50,114
117,9,4,2700,4,400000,50,115
118,9,5,2700,1,100000,50,116
119,9,5,2700,1,100000,50,117
120,10,0,3000,5,500000,50,
121,10,0,3000,4,400000,50,
122,10,1,3000,5,500000,50,120
123,10,1,3000,4,400000,50,121
124,10,2,3000,1,100000,50,122
125,10,2,3000,1,100000,50,123
126,10,3,3000,5,500000,50,124
127,10,3,3000,4,400000,50,125
128,10,4,3000,5,500000,50,126
129,10,4,3000,4,400000,50,127
130,10,5,3000,1,500000,50,128
131,10,5,3000,1,400000,50,129
132,11,0,3300,5,500000,50,
133,11,0,3300,4,400000,50,
134,11,1,3300,5,100000,50,132
135,11,1,3300,4,100000,50,133
136,11,2,3300,1,500000,50,134
137,11,2,3300,1,400000,50,135
138,11,3,3300,5,500000,50,136
139,11,3,3300,4,400000,50,137
140,11,4,3300,5,100000,50,138
141,11,4,3300,4,100000,50,139
142,11,5,3300,1,500000,50,140
143,11,5,3300,1,400000,50,141
144,12,0,3600,5,500000,50,
145,12,0,3600,4,400000,50,
146,12,1,3600,5,100000,50,144
147,12,1,3600,4,100000,50,145
148,12,2,3600,1,500000,50,146
149,12,2,3600,1,400000,50,147
150,12,3,3600,5,500000,50,148
151,12,3,3600,4,400000,50,149
152,12,4,3600,5,100000,50,150
153,12,4,3600,4,100000,50,151
154,12,5,3600,1,500000,50,152
155,12,5,3600,1,400000,50,153
156,13,0,3900,5,500000,50,
157,13,0,3900,4,400000,50,
158,13,1,3900,5,100000,50,156
159,13,1,3900,4,100000,50,157
160,13,2,3900,1,500000,50,158
161,13,2,3900,1,400000,50,159
162,13,3,3900,5,500000,50,160
163,13,3,3900,4,400000,50,161
164,13,4,3900,5,100000,50,162
165,13,4,3900,4,100000,50,163
166,13,5,3900,1,500000,50,164
167,13,5,3900,1,400000,50,165
168,14,0,4200,5,500000,50,
169,14,0,4200,4,400000,50,
170,14,1,4200,5,100000,50,168
171,14,1,4200,4,100000,50,169
172,14,2,4200,1,500000,50,170
173,14,2,4200,1,400000,50,171
174,14,3,4200,5,500000,50,172
175,14,3,4200,4,400000,50,173
176,14,4,4200,5,100000,50,174
177,14,4,4200,4,100000,50,175
178,14,5,4200,1,500000,50,176
179,14,5,4200,1,400000,50,177
180,15,0,4500,5,500000,50,
181,15,0,4500,4,400000,50,
182,15,1,4500,5,100000,50,180
183,15,1,4500,4,100000,50,181
184,15,2,4500,1,500000,50,182
185,15,2,4500,1,400000,50,183
186,15,3,4500,5,500000,50,184
187,15,3,4500,4,400000,50,185
188,15,4,4500,5,500000,50,186
189,15,4,4500,4,400000,50,187
190,15,5,4500,1,500000,50,188
191,15,5,4500,1,400000,50,189
192,16,0,4800,5,100000,50,
193,16,0,4800,4,100000,50,
194,16,1,4800,5,500000,50,192
195,16,1,4800,4,400000,50,193
196,16,2,4800,1,500000,50,194
197,16,2,4800,1,400000,50,195
198,16,3,4800,5,500000,50,196
199,16,3,4800,4,400000,50,197
200,16,4,4800,5,100000,50,198
201,16,4,4800,4,100000,50,199
202,16,5,4800,1,500000,50,200
203,16,5,4800,1,400000,50,201
204,17,0,5100,5,500000,50,
205,17,0,5100,4,400000,50,
206,17,1,5100,5,100000,50,204
207,17,1,5100,4,100000,50,205
208,17,2,5100,1,500000,50,206
209,17,2,5100,1,400000,50,207
210,17,3,5100,5,500000,50,208
211,17,3,5100,4,400000,50,209
212,17,4,5100,5,100000,50,210
213,17,4,5100,4,100000,50,211
214,17,5,5100,1,500000,50,212
215,17,5,5100,1,400000,50,213
216,18,0,5400,5,500000,50,
217,18,0,5400,4,400000,50,
218,18,1,5400,5,100000,50,216
219,18,1,5400,4,100000,50,217
220,18,2,5400,1,500000,50,218
221,18,2,5400,1,400000,50,219
222,18,3,5400,5,500000,50,220
223,18,3,5400,4,400000,50,221
224,18,4,5400,5,100000,50,222
225,18,4,5400,4,100000,50,223
226,18,5,5400,1,500000,50,224
227,18,5,5400,1,400000,50,225
228,19,0,5700,5,500000,50,
229,19,0,5700,4,400000,50,
230,19,1,5700,5,100000,50,228
231,19,1,5700,4,100000,50,229
232,19,2,5700,1,500000,50,230
233,19,2,5700,1,400000,50,231
234,19,3,5700,5,500000,50,232
235,19,3,5700,4,400000,50,233
236,19,4,5700,5,100000,50,234
237,19,4,5700,4,100000,50,235
238,19,5,5700,1,500000,50,236
239,19,5,5700,1,400000,50,237
240,20,0,6000,5,500000,50,
241,20,0,6000,4,400000,50,
242,20,1,6000,5,100000,50,240
243,20,1,6000,4,100000,50,241
244,20,2,6000,1,500000,50,242
245,20,2,6000,1,400000,50,243
246,20,3,6000,5,500000,50,244
247,20,3,6000,4,400000,50,245
248,20,4,6000,5,100000,50,246
249,20,4,6000,4,100000,50,247
250,20,5,6000,1,500000,50,248
251,20,5,6000,1,400000,50,249
252,21,0,6300,5,500000,50,
253,21,0,6300,4,400000,50,
254,21,1,6300,5,500000,50,252
255,21,1,6300,4,400000,50,253
256,21,2,6300,1,500000,50,254
257,21,2,6300,1,400000,50,255
258,21,3,6300,5,100000,50,256
259,21,3,6300,4,100000,50,257
260,21,4,6300,5,500000,50,258
261,21,4,6300,4,400000,50,259
262,21,5,6300,1,500000,50,260
263,21,5,6300,1,400000,50,261
264,22,0,6600,5,100000,50,
265,22,0,6600,4,100000,50,
266,22,1,6600,5,500000,50,264
267,22,1,6600,4,400000,50,265
268,22,2,6600,1,500000,50,266
269,22,2,6600,1,400000,50,267
270,22,3,6600,5,100000,50,268
271,22,3,6600,4,100000,50,269
272,22,4,6600,5,500000,50,270
273,22,4,6600,4,400000,50,271
274,22,5,6600,1,500000,50,272
275,22,5,6600,1,400000,50,273
276,23,0,6900,5,100000,50,
277,23,0,6900,4,100000,50,
278,23,1,6900,5,500000,50,276
279,23,1,6900,4,400000,50,277
280,23,2,6900,1,500000,50,278
281,23,2,6900,1,400000,50,279
282,23,3,6900,5,100000,50,280
283,23,3,6900,4,100000,50,281
284,23,4,6900,5,500000,50,282
285,23,4,6900,4,400000,50,283
286,23,5,6900,1,500000,50,284
287,23,5,6900,1,400000,50,285
288,24,0,7200,5,100000,50,
289,24,0,7200,4,100000,50,
290,24,1,7200,5,500000,50,288
291,24,1,7200,4,400000,50,289
292,24,2,7200,1,500000,50,290
293,24,2,7200,1,400000,50,291
294,24,3,7200,5,100000,50,292
295,24,3,7200,4,100000,50,293
296,24,4,7200,5,500000,50,294
297,24,4,7200,4,400000,50,295
298,24,5,7200,1,500000,50,296
299,24,5,7200,1,400000,50,297
300,25,0,7500,5,100000,50,
301,25,0,7500,4,100000,50,
302,25,1,7500,5,500000,50,300
303,25,1,7500,4,400000,50,301
304,25,2,7500,1,500000,50,302
305,25,2,7500,1,400000,50,303
306,25,3,7500,5,100000,50,304
307,25,3,7500,4,100000,50,305
308,25,4,7500,5,500000,50,306
309,25,4,7500,4,400000,50,307
310,25,5,7500,1,500000,50,308
311,25,5,7500,1,400000,50,309
312,26,0,7800,5,500000,50,
313,26,0,7800,4,400000,50,
314,26,1,7800,5,500000,50,312
315,26,1,7800,4,400000,50,313
316,26,2,7800,1,100000,50,314
317,26,2,7800,1,100000,50,315
318,26,3,7800,5,500000,50,316
319,26,3,7800,4,400000,50,317
320,26,4,7800,5,500000,50,318
321,26,4,7800,4,400000,50,319
322,26,5,7800,1,500000,50,320
323,26,5,7800,1,400000,50,321
324,27,0,8100,5,100000,50,
325,27,0,8100,4,100000,50,
326,27,1,8100,5,500000,50,324
327,27,1,8100,4,400000,50,325
328,27,2,8100,1,500000,50,326
329,27,2,8100,1,400000,50,327
330,27,3,8100,5,100000,50,328
331,27,3,8100,4,100000,50,329
332,27,4,8100,5,500000,50,330
333,27,4,8100,4,400000,50,331
334,27,5,8100,1,500000,50,332
335,27,5,8100,1,400000,50,333
336,28,0,8400,5,100000,50,
337,28,0,8400,4,100000,50,
338,28,1,8400,5,500000,50,336
339,28,1,8400,4,400000,50,337
340,28,2,8400,1,500000,50,338
341,28,2,8400,1,400000,50,339
342,28,3,8400,5,100000,50,340
343,28,3,8400,4,100000,50,341
344,28,4,8400,5,500000,50,342
345,28,4,8400,4,400000,50,343
346,28,5,8400,1,500000,50,344
347,28,5,8400,1,400000,50,345
348,29,0,8700,5,100000,50,
349,29,0,8700,4,100000,50,
350,29,1,8700,5,500000,50,348
351,29,1,8700,4,400000,50,349
352,29,2,8700,1,500000,50,350
353,29,2,8700,1,400000,50,351
354,29,3,8700,5,100000,50,352
355,29,3,8700,4,100000,50,353
356,29,4,8700,5,500000,50,354
357,29,4,8700,4,400000,50,355
358,29,5,8700,1,500000,50,356
359,29,5,8700,1,400000,50,357
360,30,0,9000,5,100000,50,
361,30,0,9000,4,100000,50,
362,30,1,9000,5,500000,50,360
363,30,1,9000,4,400000,50,361
364,30,2,9000,1,500000,50,362
365,30,2,9000,1,400000,50,363
366,30,3,9000,5,100000,50,364
367,30,3,9000,4,100000,50,365
368,30,4,9000,5,500000,50,366
369,30,4,9000,4,400000,50,367
370,30,5,9000,1,500000,50,368
371,30,5,9000,1,400000,50,369
372,31,0,9300,5,100000,50,
373,31,0,9300,4,100000,50,
374,31,1,9300,5,500000,50,372
375,31,1,9300,4,400000,50,373
376,31,2,9300,1,500000,50,374
377,31,2,9300,1,400000,50,375
378,31,3,9300,5,500000,50,376
379,31,3,9300,4,400000,50,377
380,31,4,9300,5,500000,50,378
381,31,4,9300,4,400000,50,379
382,31,5,9300,1,100000,50,380
383,31,5,9300,1,100000,50,381
384,32,0,9600,5,500000,50,
385,32,0,9600,4,400000,50,
386,32,1,9600,5,500000,50,384
387,32,1,9600,4,400000,50,385
388,32,2,9600,1,100000,50,386
389,32,2,9600,1,100000,50,387
390,32,3,9600,5,500000,50,388
391,32,3,9600,4,400000,50,389
392,32,4,9600,5,500000,50,390
393,32,4,9600,4,400000,50,391
394,32,5,9600,1,100000,50,392
395,32,5,9600,1,100000,50,393
396,33,0,9900,5,500000,50,
397,33,0,9900,4,400000,50,
398,33,1,9900,5,500000,50,396
399,33,1,9900,4,400000,50,397
400,33,2,9900,1,100000,50,398
401,33,2,9900,1,100000,50,399
402,33,3,9900,5,500000,50,400
403,33,3,9900,4,400000,50,401
404,33,4,9900,5,500000,50,402
405,33,4,9900,4,400000,50,403
406,33,5,9900,1,100000,50,404
407,33,5,9900,1,100000,50,405
408,34,0,10200,5,500000,50,
409,34,0,10200,4,400000,50,
410,34,1,10200,5,500000,50,408
411,34,1,10200,4,400000,50,409
412,34,2,10200,1,100000,50,410
413,34,2,10200,1,100000,50,411
414,34,3,10200,5,500000,50,412
415,34,3,10200,4,400000,50,413
416,34,4,10200,5,500000,50,414
417,34,4,10200,4,400000,50,415
418,34,5,10200,1,100000,50,416
419,34,5,10200,1,100000,50,417
420,35,0,10500,5,500000,50,
421,35,0,10500,4,400000,50,
422,35,1,10500,5,500000,50,420
423,35,1,10500,4,400000,50,421
424,35,2,10500,1,100000,50,422
425,35,2,10500,1,100000,50,423
426,35,3,10500,5,500000,50,424
427,35,3,10500,4,400000,50,425
428,35,4,10500,5,500000,50,426
429,35,4,10500,4,400000,50,427
430,35,5,10500,1,100000,50,428
431,35,5,10500,1,100000,50,429
432,36,0,10800,5,500000,50,
433,36,0,10800,4,400000,50,
434,36,1,10800,5,500000,50,432
435,36,1,10800,4,400000,50,433
436,36,2,10800,1,500000,50,434
437,36,2,10800,1,400000,50,435
438,36,3,10800,5,500000,50,436
439,36,3,10800,4,400000,50,437
440,36,4,10800,5,100000,50,438
441,36,4,10800,4,100000,50,439
442,36,5,10800,1,500000,50,440
443,36,5,10800,1,400000,50,441
444,37,0,11100,5,500000,50,
445,37,0,11100,4,400000,50,
446,37,1,11100,5,500000,50,444
447,37,1,11100,4,400000,50,445
448,37,2,11100,1,100000,50,446
449,37,2,11100,1,100000,50,447
450,37,3,11100,5,500000,50,448
451,37,3,11100,4,400000,50,449
452,37,4,11100,5,500000,50,450
453,37,4,11100,4,400000,50,451
454,37,5,11100,1,100000,50,452
455,37,5,11100,1,100000,50,453
456,38,0,11400,5,500000,50,
457,38,0,11400,4,400000,50,
458,38,1,11400,5,500000,50,456
459,38,1,11400,4,400000,50,457
460,38,2,11400,1,100000,50,458
461,38,2,11400,1,100000,50,459
462,38,3,11400,5,500000,50,460
463,38,3,11400,4,400000,50,461
464,38,4,11400,5,500000,50,462
465,38,4,11400,4,400000,50,463
466,38,5,11400,1,100000,50,464
467,38,5,11400,1,100000,50,465
468,39,0,11700,5,500000,50,
469,39,0,11700,4,400000,50,
470,39,1,11700,5,500000,50,468
471,39,1,11700,4,400000,50,469
472,39,2,11700,1,100000,50,470
473,39,2,11700,1,100000,50,471
474,39,3,11700,5,500000,50,472
475,39,3,11700,4,400000,50,473
476,39,4,11700,5,500000,50,474
477,39,4,11700,4,400000,50,475
478,39,5,11700,1,100000,50,476
479,39,5,11700,1,100000,50,477
480,40,0,12000,5,500000,50,
481,40,0,12000,4,400000,50,
482,40,1,12000,5,500000,50,480
483,40,1,12000,4,400000,50,481
484,40,2,12000,1,100000,50,482
485,40,2,12000,1,100000,50,483
486,40,3,12000,5,500000,50,484
487,40,3,12000,4,400000,50,485
488,40,4,12000,5,500000,50,486
489,40,4,12000,4,400000,50,487
490,40,5,12000,1,100000,50,488
491,40,5,12000,1,100000,50,489
492,41,0,12300,5,500000,50,
493,41,0,12300,4,400000,50,
494,41,1,12300,5,500000,50,492
495,41,1,12300,4,400000,50,493
496,41,2,12300,1,100000,50,494
497,41,2,12300,1,100000,50,495
498,41,3,12300,5,500000,50,496
499,41,3,12300,4,400000,50,497
500,41,4,12300,5,500000,50,498
501,41,4,12300,4,400000,50,499
502,41,5,12300,1,500000,50,500
503,41,5,12300,1,400000,50,501
504,42,0,12600,5,500000,50,
505,42,0,12600,4,400000,50,
506,42,1,12600,5,100000,50,504
507,42,1,12600,4,100000,50,505
508,42,2,12600,1,500000,50,506
509,42,2,12600,1,400000,50,507
510,42,3,12600,5,500000,50,508
511,42,3,12600,4,400000,50,509
512,42,4,12600,5,100000,50,510
513,42,4,12600,4,100000,50,511
514,42,5,12600,1,500000,50,512
515,42,5,12600,1,400000,50,513
516,43,0,12900,5,500000,50,
517,43,0,12900,4,400000,50,
518,43,1,12900,5,100000,50,516
519,43,1,12900,4,100000,50,517
520,43,2,12900,1,500000,50,518
521,43,2,12900,1,400000,50,519
522,43,3,12900,5,500000,50,520
523,43,3,12900,4,400000,50,521
524,43,4,12900,5,100000,50,522
525,43,4,12900,4,100000,50,523
526,43,5,12900,1,500000,50,524
527,43,5,12900,1,400000,50,525
528,44,0,13200,5,500000,50,
529,44,0,13200,4,400000,50,
530,44,1,13200,5,100000,50,528
531,44,1,13200,4,100000,50,529
532,44,2,13200,1,500000,50,530
533,44,2,13200,1,400000,50,531
534,44,3,13200,5,500000,50,532
535,44,3,13200,4,400000,50,533
536,44,4,13200,5,100000,50,534
537,44,4,13200,4,100000,50,535
538,44,5,13200,1,500000,50,536
539,44,5,13200,1,400000,50,537
540,45,0,13500,5,500000,50,
541,45,0,13500,4,400000,50,
542,45,1,13500,5,100000,50,540
543,45,1,13500,4,100000,50,541
544,45,2,13500,1,500000,50,542
545,45,2,13500,1,400000,50,543
546,45,3,13500,5,500000,50,544
547,45,3,13500,4,400000,50,545
548,45,4,13500,5,100000,50,546
549,45,4,13500,4,100000,50,547
550,45,5,13500,1,500000,50,548
551,45,5,13500,1,400000,50,549
552,46,0,13800,5,500000,50,
553,46,0,13800,4,400000,50,
554,46,1,13800,5,100000,50,552
555,46,1,13800,4,100000,50,553
556,46,2,13800,1,500000,50,554
557,46,2,13800,1,400000,50,555
558,46,3,13800,5,500000,50,556
559,46,3,13800,4,400000,50,557
560,46,4,13800,5,500000,50,558
561,46,4,13800,4,400000,50,559
562,46,5,13800,1,500000,50,560
563,46,5,13800,1,400000,50,561
564,47,0,14100,5,100000,50,
565,47,0,14100,4,100000,50,
566,47,1,14100,5,500000,50,564
567,47,1,14100,4,400000,50,565
568,47,2,14100,1,500000,50,566
569,47,2,14100,1,400000,50,567
570,47,3,14100,5,500000,50,568
571,47,3,14100,4,400000,50,569
572,47,4,14100,5,100000,50,570
573,47,4,14100,4,100000,50,571
574,47,5,14100,1,500000,50,572
575,47,5,14100,1,400000,50,573
576,48,0,14400,5,500000,50,
577,48,0,14400,4,400000,50,
578,48,1,14400,5,100000,50,576
579,48,1,14400,4,100000,50,577
580,48,2,14400,1,500000,50,578
581,48,2,14400,1,400000,50,579
582,48,3,14400,5,500000,50,580
583,48,3,14400,4,400000,50,581
584,48,4,14400,5,100000,50,582
585,48,4,14400,4,100000,50,583
586,48,5,14400,1,500000,50,584
587,48,5,14400,1,400000,50,585
588,49,0,14700,5,500000,50,
589,49,0,14700,4,400000,50,
590,49,1,14700,5,100000,50,588
591,49,1,14700,4,100000,50,589
592,49,2,14700,1,500000,50,590
593,49,2,14700,1,400000,50,591
594,49,3,14700,5,500000,50,592
595,49,3,14700,4,400000,50,593
596,49,4,14700,5,100000,50,594
597,49,4,14700,4,100000,50,595
598,49,5,14700,1,500000,50,596
599,49,5,14700,1,400000,50,597
600,50,0,15000,5,500000,50,
601,50,0,15000,4,400000,50,
602,50,1,15000,5,100000,50,600
603,50,1,15000,4,100000,50,601
604,50,2,15000,1,500000,50,602
605,50,2,15000,1,400000,50,603
606,50,3,15000,5,500000,50,604
607,50,3,15000,4,400000,50,605
608,50,4,15000,5,100000,50,606
609,50,4,15000,4,100000,50,607
610,50,5,15000,1,500000,50,608
611,50,5,15000,1,400000,50,609
612,51,0,15300,5,500000,50,
613,51,0,15300,4,400000,50,
614,51,1,15300,5,100000,50,612
615,51,1,15300,4,100000,50,613
616,51,2,15300,1,500000,50,614
617,51,2,15300,1,400000,50,615
618,51,3,15300,5,500000,50,616
619,51,3,15300,4,400000,50,617
620,51,4,15300,5,100000,50,618
621,51,4,15300,4,100000,50,619
622,51,5,15300,1,500000,50,620
623,51,5,15300,1,400000,50,621
624,52,0,15600,5,500000,50,
625,52,0,15600,4,400000,50,
626,52,1,15600,5,500000,50,624
627,52,1,15600,4,400000,50,625
628,52,2,15600,1,500000,50,626
629,52,2,15600,1,400000,50,627
630,52,3,15600,5,100000,50,628
631,52,3,15600,4,100000,50,629
632,52,4,15600,5,500000,50,630
633,52,4,15600,4,400000,50,631
634,52,5,15600,1,500000,50,632
635,52,5,15600,1,400000,50,633
636,53,0,15900,5,100000,50,
637,53,0,15900,4,100000,50,
638,53,1,15900,5,500000,50,636
639,53,1,15900,4,400000,50,637
640,53,2,15900,1,500000,50,638
641,53,2,15900,1,400000,50,639
642,53,3,15900,5,100000,50,640
643,53,3,15900,4,100000,50,641
644,53,4,15900,5,500000,50,642
645,53,4,15900,4,500000,50,643
646,53,5,15900,1,400000,50,644
647,53,5,15900,1,500000,50,645
648,54,0,16200,5,400000,50,
649,54,0,16200,4,100000,50,
650,54,1,16200,5,100000,50,648
651,54,1,16200,4,500000,50,649
652,54,2,16200,1,400000,50,650
653,54,2,16200,1,500000,50,651
654,54,3,16200,5,400000,50,652
655,54,3,16200,4,100000,50,653
656,54,4,16200,5,100000,50,654
657,54,4,16200,4,500000,50,655
658,54,5,16200,1,400000,50,656
659,54,5,16200,1,500000,50,657
660,55,0,16500,5,400000,50,
661,55,0,16500,4,100000,50,
662,55,1,16500,5,100000,50,660
663,55,1,16500,4,500000,50,661
664,55,2,16500,1,400000,50,662
665,55,2,16500,1,500000,50,663
666,55,3,16500,5,400000,50,664
667,55,3,16500,4,100000,50,665
668,55,4,16500,5,100000,50,666
669,55,4,16500,4,500000,50,667
670,55,5,16500,1,400000,50,668
671,55,5,16500,1,500000,50,669
672,56,0,16800,5,400000,50,
673,56,0,16800,4,100000,50,
674,56,1,16800,5,100000,50,672
675,56,1,16800,4,500000,50,673
676,56,2,16800,1,400000,50,674
677,56,2,16800,1,500000,50,675
678,56,3,16800,5,400000,50,676
679,56,3,16800,4,100000,50,677
680,56,4,16800,5,100000,50,678
681,56,4,16800,4,500000,50,679
682,56,5,16800,1,400000,50,680
683,56,5,16800,1,500000,50,681
684,57,0,17100,5,400000,50,
685,57,0,17100,4,100000,50,
686,57,1,17100,5,100000,50,684
687,57,1,17100,4,500000,50,685
688,57,2,17100,1,400000,50,686
689,57,2,17100,1,500000,50,687
690,57,3,17100,5,400000,50,688
691,57,3,17100,4,100000,50,689
692,57,4,17100,5,100000,50,690
693,57,4,17100,4,500000,50,691
694,57,5,17100,1,400000,50,692
695,57,5,17100,1,500000,50,693
696,58,0,17400,5,400000,50,
697,58,0,17400,4,100000,50,
698,58,1,17400,5,100000,50,696
699,58,1,17400,4,500000,50,697
700,58,2,17400,1,400000,50,698
701,58,2,17400,1,500000,50,699
702,58,3,17400,5,400000,50,700
703,58,3,17400,4,500000,50,701
704,58,4,17400,5,400000,50,702
705,58,4,17400,4,500000,50,703
706,58,5,17400,1,400000,50,704
707,58,5,17400,1,100000,50,705
708,59,0,17700,5,100000,50,
709,59,0,17700,4,500000,50,
710,59,1,17700,5,400000,50,708
711,59,1,17700,4,500000,50,709
712,59,2,17700,1,400000,50,710
713,59,2,17700,1,100000,50,711
714,59,3,17700,5,100000,50,712
715,59,3,17700,4,500000,50,713
716,59,4,17700,5,400000,50,714
717,59,4,17700,4,500000,50,715
718,59,5,17700,1,400000,50,716
719,59,5,17700,1,100000,50,717
720,60,0,18000,5,100000,50,
721,60,0,18000,4,500000,50,
722,60,1,18000,5,400000,50,720
723,60,1,18000,4,500000,50,721
724,60,2,18000,1,400000,50,722
725,60,2,18000,1,100000,50,723
726,60,3,18000,5,100000,50,724
727,60,3,18000,4,500000,50,725
728,60,4,18000,5,400000,50,726
729,60,4,18000,4,500000,50,727
730,60,5,18000,1,400000,50,728
731,60,5,18000,1,100000,50,729
732,61,0,18300,5,100000,50,
733,61,0,18300,4,500000,50,
734,61,1,18300,5,400000,50,732
735,61,1,18300,4,500000,50,733
736,61,2,18300,1,400000,50,734
737,61,2,18300,1,100000,50,735
738,61,3,18300,5,100000,50,736
739,61,3,18300,4,500000,50,737
740,61,4,18300,5,400000,50,738
741,61,4,18300,4,500000,50,739
742,61,5,18300,1,400000,50,740
743,61,5,18300,1,100000,50,741
744,62,0,18600,5,100000,50,
745,62,0,18600,4,500000,50,
746,62,1,18600,5,400000,50,744
747,62,1,18600,4,500000,50,745
748,62,2,18600,1,400000,50,746
749,62,2,18600,1,100000,50,747
750,62,3,18600,5,100000,50,748
751,62,3,18600,4,500000,50,749
752,62,4,18600,5,400000,50,750
753,62,4,18600,4,500000,50,751
754,62,5,18600,1,400000,50,752
755,62,5,18600,1,100000,50,753
756,63,0,18900,5,100000,50,
757,63,0,18900,4,500000,50,
758,63,1,18900,5,400000,50,756
759,63,1,18900,4,500000,50,757
760,63,2,18900,1,400000,50,758
761,63,2,18900,1,500000,50,759
762,63,3,18900,5,400000,50,760
763,63,3,18900,4,500000,50,761
764,63,4,18900,5,400000,50,762
765,63,4,18900,4,100000,50,763
766,63,5,18900,1,100000,50,764
767,63,5,18900,1,500000,50,765
768,64,0,19200,5,400000,50,
769,64,0,19200,4,500000,50,
770,64,1,19200,5,400000,50,768
771,64,1,19200,4,500000,50,769
772,64,2,19200,1,400000,50,770
773,64,2,19200,1,100000,50,771
774,64,3,19200,5,100000,50,772
775,64,3,19200,4,500000,50,773
776,64,4,19200,5,400000,50,774
777,64,4,19200,4,500000,50,775
778,64,5,19200,1,400000,50,776
779,64,5,19200,1,100000,50,777
780,65,0,19500,5,100000,50,
781,65,0,19500,4,500000,50,
782,65,1,19500,5,400000,50,780
783,65,1,19500,4,500000,50,781
784,65,2,19500,1,400000,50,782
785,65,2,19500,1,100000,50,783
786,65,3,19500,5,100000,50,784
787,65,3,19500,4,500000,50,785
788,65,4,19500,5,400000,50,786
789,65,4,19500,4,500000,50,787
790,65,5,19500,1,400000,50,788
791,65,5,19500,1,100000,50,789
792,66,0,19800,5,100000,50,
793,66,0,19800,4,500000,50,
794,66,1,19800,5,400000,50,792
795,66,1,19800,4,500000,50,793
796,66,2,19800,1,400000,50,794
797,66,2,19800,1,100000,50,795
798,66,3,19800,5,100000,50,796
799,66,3,19800,4,500000,50,797
800,66,4,19800,5,400000,50,798
801,66,4,19800,4,500000,50,799
802,66,5,19800,1,400000,50,800
803,66,5,19800,1,100000,50,801
804,67,0,20100,5,100000,50,
805,67,0,20100,4,500000,50,
806,67,1,20100,5,400000,50,804
807,67,1,20100,4,500000,50,805
808,67,2,20100,1,400000,50,806
809,67,2,20100,1,100000,50,807
810,67,3,20100,5,100000,50,808
811,67,3,20100,4,500000,50,809
812,67,4,20100,5,400000,50,810
813,67,4,20100,4,500000,50,811
814,67,5,20100,1,400000,50,812
815,67,5,20100,1,100000,50,813
816,68,0,20400,5,100000,50,
817,68,0,20400,4,500000,50,
818,68,1,20400,5,400000,50,816
819,68,1,20400,4,500000,50,817
820,68,2,20400,1,400000,50,818
821,68,2,20400,1,100000,50,819
822,68,3,20400,5,100000,50,820
823,68,3,20400,4,500000,50,821
824,68,4,20400,5,400000,50,822
825,68,4,20400,4,500000,50,823
826,68,5,20400,1,400000,50,824
827,68,5,20400,1,500000,50,825
828,69,0,20700,5,400000,50,
829,69,0,20700,4,500000,50,
830,69,1,20700,5,400000,50,828
831,69,1,20700,4,100000,50,829
832,69,2,20700,1,100000,50,830
833,69,2,20700,1,500000,50,831
834,69,3,20700,5,400000,50,832
835,69,3,20700,4,500000,50,833
836,69,4,20700,5,400000,50,834
837,69,4,20700,4,100000,50,835
838,69,5,20700,1,100000,50,836
839,69,5,20700,1,500000,50,837
840,70,0,21000,5,400000,50,
841,70,0,21000,4,500000,50,
842,70,1,21000,5,400000,50,840
843,70,1,21000,4,100000,50,841
844,70,2,21000,1,100000,50,842
845,70,2,21000,1,500000,50,843
846,70,3,21000,5,400000,50,844
847,70,3,21000,4,500000,50,845
848,70,4,21000,5,400000,50,846
849,70,4,21000,4,100000,50,847
850,70,5,21000,1,100000,50,848
851,70,5,21000,1,500000,50,849
852,71,0,21300,5,400000,50,
853,71,0,21300,4,500000,50,
854,71,1,21300,5,400000,50,852
855,71,1,21300,4,100000,50,853
856,71,2,21300,1,100000,50,854
857,71,2,21300,1,500000,50,855
858,71,3,21300,5,400000,50,856
859,71,3,21300,4,500000,50,857
860,71,4,21300,5,400000,50,858
861,71,4,21300,4,100000,50,859
862,71,5,21300,1,100000,50,860
863,71,5,21300,1,500000,50,861
864,72,0,21600,5,400000,50,
865,72,0,21600,4,500000,50,
866,72,1,21600,5,400000,50,864
867,72,1,21600,4,100000,50,865
868,72,2,21600,1,100000,50,866
869,72,2,21600,1,500000,50,867
870,72,3,21600,5,400000,50,868
871,72,3,21600,4,500000,50,869
872,72,4,21600,5,400000,50,870
873,72,4,21600,4,100000,50,871
874,72,5,21600,1,100000,50,872
875,72,5,21600,1,500000,50,873
876,73,0,21900,5,400000,50,
877,73,0,21900,4,500000,50,
878,73,1,21900,5,400000,50,876
879,73,1,21900,4,100000,50,877
880,73,2,21900,1,100000,50,878
881,73,2,21900,1,500000,50,879
882,73,3,21900,5,400000,50,880
883,73,3,21900,4,500000,50,881
884,73,4,21900,5,400000,50,882
885,73,4,21900,4,500000,50,883
886,73,5,21900,1,400000,50,884
887,73,5,21900,1,500000,50,885
888,74,0,22200,5,400000,50,
889,74,0,22200,4,100000,50,
890,74,1,22200,5,100000,50,888
891,74,1,22200,4,500000,50,889
892,74,2,22200,1,400000,50,890
893,74,2,22200,1,500000,50,891
894,74,3,22200,5,400000,50,892
895,74,3,22200,4,500000,50,893
896,74,4,22200,5,400000,50,894
897,74,4,22200,4,100000,50,895
898,74,5,22200,1,100000,50,896
899,74,5,22200,1,500000,50,897
900,75,0,22500,5,400000,50,
901,75,0,22500,4,500000,50,
902,75,1,22500,5,400000,50,900
903,75,1,22500,4,100000,50,901
904,75,2,22500,1,100000,50,902
905,75,2,22500,1,500000,50,903
906,75,3,22500,5,400000,50,904
907,75,3,22500,4,500000,50,905
908,75,4,22500,5,400000,50,906
909,75,4,22500,4,100000,50,907
910,75,5,22500,1,100000,50,908
911,75,5,22500,1,500000,50,909
912,76,0,22800,5,400000,50,
913,76,0,22800,4,500000,50,
914,76,1,22800,5,400000,50,912
915,76,1,22800,4,100000,50,913
916,76,2,22800,1,100000,50,914
917,76,2,22800,1,500000,50,915
918,76,3,22800,5,400000,50,916
919,76,3,22800,4,500000,50,917
920,76,4,22800,5,400000,50,918
921,76,4,22800,4,100000,50,919
922,76,5,22800,1,100000,50,920
923,76,5,22800,1,500000,50,921
924,77,0,23100,5,400000,50,
925,77,0,23100,4,500000,50,
926,77,1,23100,5,400000,50,924
927,77,1,23100,4,100000,50,925
928,77,2,23100,1,100000,50,926
929,77,2,23100,1,500000,50,927
930,77,3,23100,5,400000,50,928
931,77,3,23100,4,500000,50,929
932,77,4,23100,5,400000,50,930
933,77,4,23100,4,100000,50,931
934,77,5,23100,1,100000,50,932
935,77,5,23100,1,500000,50,933
936,78,0,23400,5,400000,50,
937,78,0,23400,4,500000,50,
938,78,1,23400,5,400000,50,936
939,78,1,23400,4,100000,50,937
940,78,2,23400,1,100000,50,938
941,78,2,23400,1,500000,50,939
942,78,3,23400,5,400000,50,940
943,78,3,23400,4,500000,50,941
944,78,4,23400,5,400000,50,942
945,78,4,23400,4,100000,50,943
946,78,5,23400,1,100000,50,944
947,78,5,23400,1,500000,50,945
948,79,0,23700,5,400000,50,
949,79,0,23700,4,500000,50,
950,79,1,23700,5,400000,50,948
951,79,1,23700,4,500000,50,949
952,79,2,23700,1,400000,50,950
953,79,2,23700,1,500000,50,951
954,79,3,23700,5,400000,50,952
955,79,3,23700,4,100000,50,953
956,79,4,23700,5,100000,50,954
957,79,4,23700,4,500000,50,955
958,79,5,23700,1,400000,50,956
959,79,5,23700,1,500000,50,957
960,80,0,24000,5,400000,50,
961,80,0,24000,4,100000,50,
962,80,1,24000,5,100000,50,960
963,80,1,24000,4,500000,50,961
964,80,2,24000,1,400000,50,962
965,80,2,24000,1,500000,50,963
966,80,3,24000,5,400000,50,964
967,80,3,24000,4,100000,50,965
968,80,4,24000,5,100000,50,966
969,80,4,24000,4,500000,50,967
970,80,5,24000,1,400000,50,968
971,80,5,24000,1,500000,50,969
972,81,0,24300,5,400000,50,
973,81,0,24300,4,100000,50,
974,81,1,24300,5,100000,50,972
975,81,1,24300,4,500000,50,973
976,81,2,24300,1,400000,50,974
977,81,2,24300,1,500000,50,975
978,81,3,24300,5,400000,50,976
979,81,3,24300,4,100000,50,977
980,81,4,24300,5,100000,50,978
981,81,4,24300,4,500000,50,979
982,81,5,24300,1,400000,50,980
983,81,5,24300,1,500000,50,981
984,82,0,24600,5,400000,50,
985,82,0,24600,4,100000,50,
986,82,1,24600,5,100000,50,984
987,82,1,24600,4,500000,50,985
988,82,2,24600,1,400000,50,986
989,82,2,24600,1,500000,50,987
990,82,3,24600,5,400000,50,988
991,82,3,24600,4,100000,50,989
992,82,4,24600,5,100000,50,990
993,82,4,24600,4,500000,50,991
994,82,5,24600,1,400000,50,992
995,82,5,24600,1,500000,50,993
996,83,0,24900,5,400000,50,
997,83,0,24900,4,100000,50,
998,83,1,24900,5,100000,50,996
999,83,1,24900,4,500000,50,997
1000,83,2,24900,1,400000,50,998
1001,83,2,24900,1,500000,50,999
1002,83,3,24900,5,400000,50,1000
1003,83,3,24900,4,100000,50,1001
1004,83,4,24900,5,100000,50,1002
1005,83,4,24900,4,500000,50,1003
1006,83,5,24900,1,400000,50,1004
1007,83,5,24900,1,500000,50,1005
1008,84,0,25200,5,400000,50,
1009,84,0,25200,4,500000,50,
1010,84,1,25200,5,400000,50,1008
1011,84,1,25200,4,500000,50,1009
1012,84,2,25200,1,400000,50,1010
1013,84,2,25200,1,100000,50,1011
1014,84,3,25200,5,100000,50,1012
1015,84,3,25200,4,500000,50,1013
1016,84,4,25200,5,400000,50,1014
1017,84,4,25200,4,500000,50,1015
1018,84,5,25200,1,400000,50,1016
1019,84,5,25200,1,500000,50,1017
1020,85,0,25500,5,400000,50,
1021,85,0,25500,4,100000,50,
1022,85,1,25500,5,100000,50,1020
1023,85,1,25500,4,500000,50,1021
1024,85,2,25500,1,400000,50,1022
1025,85,2,25500,1,500000,50,1023
1026,85,3,25500,5,400000,50,1024
1027,85,3,25500,4,100000,50,1025
1028,85,4,25500,5,100000,50,1026
1029,85,4,25500,4,500000,50,1027
1030,85,5,25500,1,400000,50,1028
1031,85,5,25500,1,500000,50,1029
1032,86,0,25800,5,400000,50,
1033,86,0,25800,4,100000,50,
1034,86,1,25800,5,100000,50,1032
1035,86,1,25800,4,500000,50,1033
1036,86,2,25800,1,400000,50,1034
1037,86,2,25800,1,500000,50,1035
1038,86,3,25800,5,400000,50,1036
1039,86,3,25800,4,100000,50,1037
1040,86,4,25800,5,100000,50,1038
1041,86,4,25800,4,500000,50,1039
1042,86,5,25800,1,400000,50,1040
1043,86,5,25800,1,500000,50,1041
1044,87,0,26100,5,400000,50,
1045,87,0,26100,4,100000,50,
1046,87,1,26100,5,100000,50,1044
1047,87,1,26100,4,500000,50,1045
1048,87,2,26100,1,400000,50,1046
1049,87,2,26100,1,500000,50,1047
1050,87,3,26100,5,400000,50,1048
1051,87,3,26100,4,100000,50,1049
1052,87,4,26100,5,100000,50,1050
1053,87,4,26100,4,500000,50,1051
1054,87,5,26100,1,400000,50,1052
1055,87,5,26100,1,500000,50,1053
1056,88,0,26400,5,400000,50,
1057,88,0,26400,4,100000,50,
1058,88,1,26400,5,100000,50,1056
1059,88,1,26400,4,500000,50,1057
1060,88,2,26400,1,400000,50,1058
1061,88,2,26400,1,500000,50,1059
1062,88,3,26400,5,400000,50,1060
1063,88,3,26400,4,100000,50,1061
1064,88,4,26400,5,100000,50,1062
1065,88,4,26400,4,500000,50,1063
1066,88,5,26400,1,400000,50,1064
1067,88,5,26400,1,500000,50,1065
1068,89,0,26700,5,400000,50,
1069,89,0,26700,4,100000,50,
1070,89,1,26700,5,100000,50,1068
1071,89,1,26700,4,500000,50,1069
1072,89,2,26700,1,400000,50,1070
1073,89,2,26700,1,500000,50,1071
1074,89,3,26700,5,400000,50,1072
1075,89,3,26700,4,500000,50,1073
1076,89,4,26700,5,400000,50,1074
1077,89,4,26700,4,500000,50,1075
1078,89,5,26700,1,400000,50,1076
1079,89,5,26700,1,100000,50,1077
1080,90,0,27000,5,100000,50,
1081,90,0,27000,4,500000,50,
1082,90,1,27000,5,400000,50,1080
1083,90,1,27000,4,500000,50,1081
1084,90,2,27000,1,400000,50,1082
1085,90,2,27000,1,100000,50,1083
1086,90,3,27000,5,100000,50,1084
1087,90,3,27000,4,500000,50,1085
1088,90,4,27000,5,400000,50,1086
1089,90,4,27000,4,500000,50,1087
1090,90,5,27000,1,400000,50,1088
1091,90,5,27000,1,100000,50,1089
1092,91,0,27300,5,100000,50,
1093,91,0,27300,4,500000,50,
1094,91,1,27300,5,400000,50,1092
1095,91,1,27300,4,500000,50,1093
1096,91,2,27300,1,400000,50,1094
1097,91,2,27300,1,100000,50,1095
1098,91,3,27300,5,100000,50,1096
1099,91,3,27300,4,500000,50,1097
1100,91,4,27300,5,400000,50,1098
1101,91,4,27300,4,500000,50,1099
1102,91,5,27300,1,400000,50,1100
1103,91,5,27300,1,100000,50,1101
1104,92,0,27600,5,100000,50,
1105,92,0,27600,4,500000,50,
1106,92,1,27600,5,400000,50,1104
1107,92,1,27600,4,500000,50,1105
1108,92,2,27600,1,400000,50,1106
1109,92,2,27600,1,100000,50,1107
1110,92,3,27600,5,100000,50,1108
1111,92,3,27600,4,500000,50,1109
1112,92,4,27600,5,400000,50,1110
1113,92,4,27600,4,500000,50,1111
1114,92,5,27600,1,400000,50,1112
1115,92,5,27600,1,100000,50,1113
1116,93,0,27900,5,100000,50,
1117,93,0,27900,4,500000,50,
1118,93,1,27900,5,400000,50,1116
1119,93,1,27900,4,500000,50,1117
1120,93,2,27900,1,400000,50,1118
1121,93,2,27900,1,100000,50,1119
1122,93,3,27900,5,100000,50,1120
1123,93,3,27900,4,500000,50,1121
1124,93,4,27900,5,400000,50,1122
1125,93,4,27900,4,500000,50,1123
1126,93,5,27900,1,400000,50,1124
1127,93,5,27900,1,100000,50,1125
1128,94,0,28200,5,100000,50,
1129,94,0,28200,4,500000,50,
1130,94,1,28200,5,400000,50,1128
1131,94,1,28200,4,500000,50,1129
1132,94,2,28200,1,400000,50,1130
1133,94,2,28200,1,500000,50,1131
1134,94,3,28200,5,400000,50,1132
1135,94,3,28200,4,500000,50,1133
1136,94,4,28200,5,400000,50,1134
1137,94,4,28200,4,100000,50,1135
1138,94,5,28200,1,100000,50,1136
1139,94,5,28200,1,500000,50,1137
1140,95,0,28500,5,400000,50,
1141,95,0,28500,4,500000,50,
1142,95,1,28500,5,400000,50,1140
1143,95,1,28500,4,500000,50,1141
1144,95,2,28500,1,400000,50,1142
1145,95,2,28500,1,100000,50,1143
1146,95,3,28500,5,100000,50,1144
1147,95,3,28500,4,500000,50,1145
1148,95,4,28500,5,400000,50,1146
1149,95,4,28500,4,500000,50,1147
1150,95,5,28500,1,400000,50,1148
1151,95,5,28500,1,100000,50,1149
1152,96,0,28800,5,100000,50,
1153,96,0,28800,4,500000,50,
1154,96,1,28800,5,400000,50,1152
1155,96,1,28800,4,500000,50,1153
1156,96,2,28800,1,400000,50,1154
1157,96,2,28800,1,100000,50,1155
1158,96,3,28800,5,100000,50,1156
1159,96,3,28800,4,500000,50,1157
1160,96,4,28800,5,400000,50,1158
1161,96,4,28800,4,500000,50,1159
1162,96,5,28800,1,400000,50,1160
1163,96,5,28800,1,100000,50,1161
1164,97,0,29100,5,100000,50,
1165,97,0,29100,4,500000,50,
1166,97,1,29100,5,400000,50,1164
1167,97,1,29100,4,500000,50,1165
1168,97,2,29100,1,400000,50,1166
1169,97,2,29100,1,100000,50,1167
1170,97,3,29100,5,100000,50,1168
1171,97,3,29100,4,500000,50,1169
1172,97,4,29100,5,400000,50,1170
1173,97,4,29100,4,500000,50,1171
1174,97,5,29100,1,400000,50,1172
1175,97,5,29100,1,100000,50,1173
1176,98,0,29400,5,100000,50,
1177,98,0,29400,4,500000,50,
1178,98,1,29400,5,400000,50,1176
1179,98,1,29400,4,500000,50,1177
1180,98,2,29400,1,400000,50,1178
1181,98,2,29400,1,100000,50,1179
1182,98,3,29400,5,100000,50,1180
1183,98,3,29400,4,500000,50,1181
1184,98,4,29400,5,400000,50,1182
1185,98,4,29400,4,500000,50,1183
1186,98,5,29400,1,400000,50,1184
1187,98,5,29400,1,100000,50,1185
1188,99,0,29700,5,100000,50,
1189,99,0,29700,4,500000,50,
1190,99,1,29700,5,400000,50,1188
1191,99,1,29700,4,500000,50,1189
1192,99,2,29700,1,400000,50,1190
1193,99,2,29700,1,100000,50,1191
1194,99,3,29700,5,100000,50,1192
1195,99,3,29700,4,500000,50,1193
1196,99,4,29700,5,400000,50,1194
1197,99,4,29700,4,500000,50,1195
1198,99,5,29700,1,400000,50,1196
1199,99,5,29700,1,500000,50,1197
